Region,Country,Item Type,Sales Channel,Order Priority,Order Date,Order ID,Ship Date,Units Sold,Unit Price,Unit Cost,Total Revenue,Total Cost,Total Profit
Sub-Saharan Africa,Mauritania,Cosmetics,Offline,H,10/6/2015,297847180,10/10/2015,3183,415.28,255.6,1321836.24,813574.8,508261.44
Middle East and North Africa,Lebanon,Household,Online,C,10/13/2012,790083703,11/3/2012,7956,668.12,521.8,5315562.72,4151440.8,1164121.92
Europe,Norway,Baby Food,Offline,M,3/30/2017,769563511,4/9/2017,173,264.92,167.72,45831.16,29015.56,16815.6
North America,Mexico,Beverages,Online,M,9/30/2012,653257270,10/23/2012,638,48.53,31.84,30962.14,20313.92,10648.22
Europe,Belgium,Office Supplies,Offline,H,6/26/2010,845814049,7/6/2010,1072,629.3,491.26,674609.6,526630.72,147978.88
Central America and the Caribbean,Dominican Republic,Fruits,Offline,M,7/5/2017,947473231,7/18/2017,6805,8.74,6.65,59475.7,45253.25,14222.45
Middle East and North Africa,Saudi Arabia,Cereal,Offline,L,11/25/2017,393617876,12/6/2017,7697,218.9,114.31,1684873.3,879844.07,805029.23
Central America and the Caribbean,Dominican Republic,Baby Food,Online,H,7/21/2010,581813307,8/6/2010,1555,242.66,153.82,377336.3,239190.1,138146.2
Europe,Croatia,Cereal,Online,H,5/22/2010,841109479,6/8/2010,984,198.71,112.02,195530.64,110227.68,85302.96
Middle East and North Africa,Jordan,Cereal,Online,M,2/11/2014,134382682,2/25/2014,6325,207.56,115.55,1312817.0,730853.75,581963.25
Sub-Saharan Africa,South Africa,Beverages,Offline,L,11/5/2015,311241693,11/15/2015,7699,49.43,31.85,380561.57,245213.15,135348.42
Asia,Philippines,Office Supplies,Offline,M,1/27/2015,744809707,2/3/2015,5259,665.11,551.29,3497813.49,2899234.11,598579.38
North America,Mexico,Beverages,Online,H,12/8/2011,387309201,1/7/2012,8425,45.25,31.35,381231.25,264123.75,117107.5
Europe,Germany,Cosmetics,Offline,M,7/2/2014,224444819,7/11/2014,2671,433.69,274.01,1158385.99,731880.71,426505.28
Europe,Malta,Cosmetics,Offline,L,9/7/2014,799010795,9/10/2014,2080,451.28,254.79,938662.4,529963.2,408699.2
Asia,South Korea,Fruits,Offline,H,3/5/2012,412375040,4/2/2012,6335,9.75,7.3,61766.25,46245.5,15520.75
Central America and the Caribbean,Guatemala,Baby Food,Offline,C,4/24/2011,903377207,5/8/2011,5171,244.03,158.96,1261879.13,821982.16,439896.97
Central America and the Caribbean,Panama,Baby Food,Offline,L,9/28/2014,248823886,10/13/2014,792,237.56,154.42,188147.52,122300.64,65846.88
Australia and Oceania,Vanuatu,Baby Food,Online,L,5/30/2011,840048506,6/5/2011,2966,244.37,162.97,724801.42,483369.02,241432.4
Europe,Czech Republic,Baby Food,Offline,C,8/7/2013,456442173,8/24/2013,7216,250.04,154.57,1804288.64,1115377.12,688911.52
Australia and Oceania,Vanuatu,Snacks,Offline,M,7/11/2015,102031764,8/9/2015,3378,150.11,94.6,507071.58,319558.8,187512.78
Europe,Malta,Beverages,Online,L,9/23/2017,958829003,10/16/2017,2698,48.52,30.11,130906.96,81236.78,49670.18
North America,United States,Snacks,Online,M,10/17/2017,765157158,11/13/2017,1446,152.09,91.92,219922.14,132916.32,87005.82
Middle East and North Africa,Jordan,Cereal,Offline,H,8/27/2014,454259882,9/23/2014,2710,191.59,118.69,519208.9,321649.9,197559.0
Central America and the Caribbean,Honduras,Office Supplies,Offline,C,12/3/2010,256663251,12/10/2010,1983,687.5,523.24,1363312.5,1037584.92,325727.58
Asia,Myanmar,Office Supplies,Online,M,2/6/2015,370275233,3/5/2015,8817,618.91,499.78,5456929.47,4406560.26,1050369.21
Sub-Saharan Africa,Zambia,Personal Care,Online,L,9/29/2016,593174639,10/4/2016,2074,82.99,55.46,172121.26,115024.04,57097.22
Middle East and North Africa,Morocco,Vegetables,Offline,L,5/1/2017,582078453,5/13/2017,2431,159.95,85.35,388838.45,207485.85,181352.6
Asia,Nepal,Vegetables,Online,C,3/27/2010,228523227,4/25/2010,4348,159.29,92.72,692592.92,403146.56,289446.36
North America,Mexico,Personal Care,Offline,H,11/3/2013,336625804,11/10/2013,2229,77.72,58.33,173237.88,130017.57,43220.31
Australia and Oceania,Federated States of Micronesia,Clothes,Online,L,1/13/2011,304431804,2/8/2011,2510,105.0,34.33,263550.0,86168.3,177381.7
Asia,Brunei,Beverages,Offline,L,3/21/2014,461257793,3/24/2014,3383,48.6,29.83,164413.8,100914.89,63498.91
Australia and Oceania,Vanuatu,Household,Offline,L,1/11/2013,931270420,2/2/2013,3625,697.92,527.04,2529960.0,1910520.0,619440.0
Central America and the Caribbean,Grenada,Household,Offline,M,1/2/2016,879509327,1/18/2016,9046,647.34,495.03,5855837.64,4478041.38,1377796.26
Middle East and North Africa,Azerbaijan,Office Supplies,Offline,H,12/26/2011,165530277,12/29/2011,5296,672.42,539.32,3561136.32,2856238.72,704897.6
Sub-Saharan Africa,Mauritania,Snacks,Offline,M,11/3/2010,292950343,12/3/2010,1267,151.88,91.65,192431.96,116120.55,76311.41
Middle East and North Africa,Azerbaijan,Meat,Offline,M,6/10/2013,200491979,6/26/2013,3829,414.1,387.9,1585588.9,1485269.1,100319.8
Europe,Italy,Beverages,Online,M,4/11/2010,237380929,5/8/2010,1717,46.59,32.98,79995.03,56626.66,23368.37
Central America and the Caribbean,Belize,Baby Food,Offline,C,12/21/2014,877295482,12/25/2014,4769,244.84,162.14,1167641.96,773245.66,394396.3
Australia and Oceania,Vanuatu,Beverages,Online,H,10/14/2014,760363322,10/24/2014,7015,47.67,33.63,334405.05,235914.45,98490.6
Asia,Philippines,Cereal,Online,L,6/15/2016,970126669,7/7/2016,419,192.0,120.31,80448.0,50409.89,30038.11
Australia and Oceania,East Timor,Beverages,Offline,C,7/27/2017,632294739,8/23/2017,6100,49.11,32.77,299571.0,199897.0,99674.0
Sub-Saharan Africa,Ethiopia,Household,Offline,H,7/30/2010,739178382,8/20/2010,5453,680.53,523.54,3710930.09,2854863.62,856066.47
Middle East and North Africa,UAE,Vegetables,Online,L,2/5/2014,823374843,2/15/2014,2315,145.64,90.64,337156.6,209831.6,127325.0
Australia and Oceania,Kiribati,Cereal,Online,M,7/31/2015,808288293,8/29/2015,7494,195.47,115.8,1464852.18,867805.2,597046.98
Middle East and North Africa,Pakistan,Office Supplies,Online,L,10/18/2015,197214779,11/11/2015,6132,661.85,551.39,4058464.2,3381123.48,677340.72
Sub-Saharan Africa,Cote d'Ivoire,Snacks,Offline,H,8/9/2010,572024469,8/15/2010,9728,152.28,96.5,1481379.84,938752.0,542627.84
Central America and the Caribbean,Guatemala,Fruits,Offline,H,11/13/2013,157290457,12/4/2013,9229,9.32,6.78,86014.28,62572.62,23441.66
Middle East and North Africa,Jordan,Household,Offline,C,5/9/2012,458622495,5/12/2012,3924,677.27,520.72,2657607.48,2043305.28,614302.2
Sub-Saharan Africa,Ethiopia,Beverages,Offline,L,11/9/2011,662113671,12/1/2011,9682,49.52,32.59,479452.64,315536.38,163916.26
Australia and Oceania,Samoa,Vegetables,Online,C,8/6/2014,668738648,8/13/2014,7344,153.98,92.56,1130829.12,679760.64,451068.48
Asia,Indonesia,Vegetables,Offline,L,11/19/2015,706511930,11/27/2015,7303,160.22,85.16,1170086.66,621923.48,548163.18
Europe,France,Snacks,Online,H,4/16/2012,678339208,4/20/2012,8069,149.19,94.58,1203814.11,763166.02,440648.09
North America,Canada,Cosmetics,Offline,M,8/19/2015,739298601,8/23/2015,2702,447.9,250.74,1210225.8,677499.48,532726.32
Asia,Kazakhstan,Personal Care,Online,L,6/17/2013,933778444,6/24/2013,5624,84.63,59.65,475959.12,335471.6,140487.52
North America,Mexico,Personal Care,Offline,H,11/21/2012,572986701,12/9/2012,4702,82.16,53.47,386316.32,251415.94,134900.38
Australia and Oceania,Vanuatu,Meat,Online,C,3/11/2012,465486325,3/22/2012,3742,400.75,341.24,1499606.5,1276920.08,222686.42
North America,Mexico,Office Supplies,Offline,M,10/5/2015,193637488,10/30/2015,1780,686.65,548.63,1222237.0,976561.4,245675.6
Europe,Latvia,Office Supplies,Online,H,8/14/2010,718752546,8/31/2010,9881,619.65,518.26,6122761.65,5120927.06,1001834.59
Sub-Saharan Africa,South Sudan,Baby Food,Offline,C,12/31/2014,528533291,1/16/2015,6477,238.59,166.34,1545347.43,1077384.18,467963.25
Central America and the Caribbean,Guatemala,Household,Online,M,3/26/2014,860508595,4/24/2014,8103,625.54,512.12,5068750.62,4149708.36,919042.26
Europe,Luxembourg,Vegetables,Online,M,6/8/2011,460928205,7/5/2011,2908,153.37,88.36,445999.96,256950.88,189049.08
Asia,Laos,Baby Food,Online,M,1/18/2011,175954233,2/4/2011,9706,265.84,152.09,2580243.04,1476185.54,1104057.5
Asia,Philippines,Office Supplies,Online,L,7/25/2010,904139227,8/14/2010,2941,651.69,488.44,1916620.29,1436502.04,480118.25
Europe,Hungary,Household,Online,H,12/20/2017,455669756,12/25/2017,4935,697.13,495.52,3440336.55,2445391.2,994945.35
Sub-Saharan Africa,Cape Verde,Cosmetics,Online,M,5/21/2012,561799266,6/15/2012,2211,445.49,259.92,984978.39,574683.12,410295.27
North America,United States,Fruits,Online,M,7/15/2016,532897912,7/23/2016,7787,9.48,7.21,73820.76,56144.27,17676.49
Europe,Latvia,Clothes,Offline,C,2/3/2017,288999064,3/5/2017,7764,113.66,33.45,882456.24,259705.8,622750.44
Central America and the Caribbean,Cuba,Snacks,Offline,H,10/28/2011,881424909,11/15/2011,9700,153.41,102.65,1488077.0,995705.0,492372.0
North America,Mexico,Cereal,Online,C,6/12/2013,573522496,6/20/2013,1663,202.78,124.89,337223.14,207692.07,129531.07
Asia,Cambodia,Baby Food,Offline,M,3/16/2017,164814709,3/27/2017,8217,253.6,157.3,2083831.2,1292534.1,791297.1
Central America and the Caribbean,Honduras,Office Supplies,Online,C,10/24/2013,153141700,11/3/2013,7862,620.58,523.27,4878999.96,4113948.74,765051.22
Asia,Mongolia,Snacks,Offline,M,12/17/2010,384779525,12/29/2010,4728,161.95,94.44,765699.6,446512.32,319187.28
Middle East and North Africa,Tunisia,Cosmetics,Offline,C,9/15/2013,733061989,10/3/2013,6132,453.26,246.48,2779390.32,1511415.36,1267974.96
Central America and the Caribbean,Panama,Snacks,Online,C,5/31/2014,487183846,6/19/2014,9504,153.67,101.63,1460479.68,965891.52,494588.16
Australia and Oceania,Vanuatu,Office Supplies,Offline,C,10/18/2013,196562804,11/9/2013,7755,651.53,532.89,5052615.15,4132561.95,920053.2
Central America and the Caribbean,Nicaragua,Office Supplies,Offline,C,3/11/2016,446893590,3/18/2016,6387,611.47,530.87,3905458.89,3390666.69,514792.2
Sub-Saharan Africa,Tanzania,Meat,Offline,C,11/28/2013,917676135,12/11/2013,8302,435.97,380.07,3619422.94,3155341.14,464081.8
Sub-Saharan Africa,Republic of the Congo,Household,Online,H,6/22/2011,586695736,7/7/2011,5635,665.79,483.07,3751726.65,2722099.45,1029627.2
Sub-Saharan Africa,Tanzania,Cosmetics,Offline,H,7/26/2014,446685695,8/12/2014,9890,417.31,269.86,4127195.9,2668915.4,1458280.5
Central America and the Caribbean,Dominican Republic,Household,Online,H,10/12/2014,123276095,10/18/2014,230,669.29,509.01,153936.7,117072.3,36864.4
Asia,Bangladesh,Snacks,Offline,C,10/4/2014,922637329,10/31/2014,6752,161.63,100.5,1091325.76,678576.0,412749.76
Middle East and North Africa,Yemen,Clothes,Online,M,2/18/2014,263746148,3/9/2014,6584,115.78,34.11,762295.52,224580.24,537715.28
Sub-Saharan Africa,Mauritania,Beverages,Offline,M,5/17/2012,293588006,5/29/2012,7174,48.93,32.01,351023.82,229639.74,121384.08
Sub-Saharan Africa,Chad,Fruits,Online,H,5/27/2010,764360103,5/31/2010,3707,9.75,6.9,36143.25,25578.3,10564.95
North America,Mexico,Fruits,Offline,H,9/18/2012,444571978,10/9/2012,165,9.74,6.81,1607.1,1123.65,483.45
Sub-Saharan Africa,The Gambia,Office Supplies,Offline,M,1/1/2014,174747968,1/4/2014,8473,693.79,518.91,5878482.67,4396724.43,1481758.24
Europe,Sweden,Meat,Offline,H,9/14/2013,895896850,9/20/2013,5879,418.98,349.9,2463183.42,2057062.1,406121.32
Asia,Kazakhstan,Vegetables,Offline,C,6/22/2017,117110471,6/27/2017,8942,158.1,84.98,1413730.2,759891.16,653839.04
Middle East and North Africa,Libya,Cereal,Offline,L,8/20/2017,532232786,9/18/2017,995,216.5,121.07,215417.5,120464.65,94952.85
Australia and Oceania,Federated States of Micronesia,Household,Offline,C,9/23/2012,989878568,10/17/2012,497,655.66,485.41,325863.02,241248.77,84614.25
North America,Mexico,Fruits,Offline,L,12/18/2015,286003293,1/11/2016,5230,8.76,6.88,45814.8,35982.4,9832.4
Sub-Saharan Africa,Madagascar,Vegetables,Offline,C,6/9/2017,644800005,7/6/2017,6307,152.5,85.03,961817.5,536284.21,425533.29
Central America and the Caribbean,Honduras,Household,Offline,H,4/9/2016,373506284,4/27/2016,9686,700.94,526.49,6789304.84,5099582.14,1689722.7
Europe,Norway,Meat,Online,M,5/31/2012,293153512,6/8/2012,6384,437.31,351.78,2791787.04,2245763.52,546023.52
Sub-Saharan Africa,Republic of the Congo,Cereal,Offline,L,4/8/2015,477881186,5/5/2015,3111,217.54,122.1,676766.94,379853.1,296913.84
Europe,Denmark,Office Supplies,Offline,L,8/31/2013,141540138,9/12/2013,9588,689.87,507.36,6614473.56,4864567.68,1749905.88
Asia,Kyrgyzstan,Vegetables,Online,C,12/4/2014,598533663,12/31/2014,9898,161.66,96.18,1600110.68,951989.64,648121.04
North America,United States,Snacks,Online,M,2/4/2015,653479581,2/9/2015,6657,151.66,98.36,1009600.62,654782.52,354818.1
Central America and the Caribbean,Dominican Republic,Personal Care,Online,L,7/2/2013,371112090,7/23/2013,5942,86.11,53.46,511665.62,317659.32,194006.3
Europe,Greece,Cereal,Offline,H,4/25/2014,854880208,4/30/2014,7376,211.75,115.16,1561868.0,849420.16,712447.84
Central America and the Caribbean,Honduras,Office Supplies,Online,C,7/14/2014,682515189,7/23/2014,1295,633.34,534.39,820175.3,692035.05,128140.25
Sub-Saharan Africa,Zambia,Clothes,Online,H,12/8/2011,337887882,1/1/2012,8790,107.29,33.46,943079.1,294113.4,648965.7
Sub-Saharan Africa,Tanzania,Fruits,Offline,H,12/24/2013,222112995,1/3/2014,8902,9.59,6.49,85370.18,57773.98,27596.2
North America,United States,Vegetables,Online,L,10/14/2015,218613185,10/29/2015,594,143.52,95.36,85250.88,56643.84,28607.04
Europe,Luxembourg,Fruits,Offline,C,9/4/2010,755497406,9/21/2010,5800,9.96,6.78,57768.0,39324.0,18444.0
North America,Mexico,Fruits,Online,M,1/10/2012,233400840,1/24/2012,2939,9.39,7.3,27597.21,21454.7,6142.51
Middle East and North Africa,Libya,Clothes,Offline,M,2/27/2014,717385909,3/16/2014,1659,109.94,38.18,182390.46,63340.62,119049.84
Middle East and North Africa,UAE,Office Supplies,Offline,L,3/9/2013,206573986,3/31/2013,7784,688.06,543.95,5355859.04,4234106.8,1121752.24
Asia,Nepal,Cereal,Offline,M,8/24/2014,398589917,9/3/2014,2775,195.36,118.94,542124.0,330058.5,212065.5
Middle East and North Africa,Libya,Baby Food,Offline,L,2/8/2010,877100932,2/11/2010,1742,245.29,159.85,427295.18,278458.7,148836.48
Australia and Oceania,Papua New Guinea,Clothes,Offline,M,5/2/2011,993789023,5/26/2011,5049,107.91,36.97,544837.59,186661.53,358176.06
Europe,Poland,Vegetables,Online,L,8/16/2012,944162440,8/19/2012,1445,152.53,89.25,220405.85,128966.25,91439.6
North America,Canada,Office Supplies,Offline,M,10/22/2016,466650195,11/15/2016,7795,644.75,525.63,5025826.25,4097285.85,928540.4
Central America and the Caribbean,Guatemala,Beverages,Offline,M,8/13/2012,478302638,9/2/2012,6768,45.15,31.29,305575.2,211770.72,93804.48
Asia,Pakistan,Clothes,Online,H,4/22/2013,411805483,5/4/2013,7296,114.31,33.94,834005.76,247626.24,586379.52
Middle East and North Africa,Yemen,Cosmetics,Offline,C,11/17/2016,635194793,11/20/2016,9089,412.0,260.14,3744668.0,2364412.46,1380255.54
Sub-Saharan Africa,Ethiopia,Baby Food,Online,M,10/2/2017,411789166,10/20/2017,5478,242.12,151.04,1326333.36,827397.12,498936.24
Australia and Oceania,Federated States of Micronesia,Cereal,Online,M,10/25/2013,660336165,11/18/2013,6841,218.48,112.92,1494621.68,772485.72,722135.96
North America,Mexico,Meat,Offline,L,5/28/2015,980721790,6/4/2015,9493,419.45,377.41,3981838.85,3582753.13,399085.72
Sub-Saharan Africa,Ethiopia,Household,Online,C,5/30/2017,862611089,6/2/2017,4653,621.98,519.86,2894072.94,2418908.58,475164.36
North America,Canada,Cosmetics,Online,H,9/30/2015,729169146,10/26/2015,7002,427.79,279.7,2995385.58,1958459.4,1036926.18
Sub-Saharan Africa,Chad,Vegetables,Online,L,7/14/2014,619904646,7/29/2014,3332,154.36,89.22,514327.52,297281.04,217046.48
Middle East and North Africa,Syria,Cereal,Online,C,7/7/2015,152742211,7/16/2015,5218,199.55,118.56,1041251.9,618646.08,422605.82
Australia and Oceania,Kiribati,Fruits,Online,C,2/14/2014,328551992,2/27/2014,1159,9.5,6.98,11010.5,8089.82,2920.68
Central America and the Caribbean,Belize,Cosmetics,Online,M,11/11/2012,934265614,11/23/2012,3461,441.75,272.64,1528896.75,943607.04,585289.71
Asia,Japan,Beverages,Offline,H,12/3/2017,520382892,12/8/2017,3949,47.12,33.61,186076.88,132725.89,53350.99
Asia,India,Cereal,Online,L,2/5/2016,830315110,2/25/2016,4885,215.61,113.4,1053254.85,553959.0,499295.85
Australia and Oceania,Federated States of Micronesia,Baby Food,Offline,H,10/10/2014,902082832,11/5/2014,2422,256.76,148.94,621872.72,360732.68,261140.04
Asia,Indonesia,Fruits,Online,L,11/29/2017,123522691,12/17/2017,6856,9.0,7.02,61704.0,48129.12,13574.88
Asia,Turkmenistan,Snacks,Offline,C,10/28/2017,186334612,11/10/2017,2514,154.84,98.91,389267.76,248659.74,140608.02
Sub-Saharan Africa,Ghana,Cereal,Offline,M,10/21/2016,757583456,10/26/2016,1097,199.58,125.2,218939.26,137344.4,81594.86
Asia,Mongolia,Vegetables,Online,M,10/25/2016,406901587,11/22/2016,9293,144.91,87.78,1346648.63,815739.54,530909.09
Central America and the Caribbean,Mexico,Baby Food,Online,M,10/13/2013,646110602,11/9/2013,6351,254.04,154.97,1613408.04,984214.47,629193.57
Europe,Iceland,Clothes,Offline,H,1/14/2016,772957127,1/28/2016,9762,113.07,33.72,1103789.34,329174.64,774614.7
Central America and the Caribbean,Honduras,Fruits,Online,L,6/25/2011,998698863,7/20/2011,4799,9.03,6.94,43334.97,33305.06,10029.91
Middle East and North Africa,Tunisia,Personal Care,Offline,L,12/6/2015,310676069,12/16/2015,7196,86.25,53.25,620655.0,383187.0,237468.0
Asia,India,Cereal,Online,M,4/26/2017,848660272,5/1/2017,9495,200.87,117.59,1907260.65,1116517.05,790743.6
Australia and Oceania,Federated States of Micronesia,Baby Food,Offline,M,12/7/2010,114305779,12/26/2010,3814,270.45,151.21,1031496.3,576714.94,454781.36
North America,Canada,Household,Offline,H,6/6/2010,252140711,6/21/2010,6707,667.88,469.36,4479471.16,3147997.52,1331473.64
Middle East and North Africa,Tunisia,Fruits,Online,H,12/3/2017,401331417,12/17/2017,7850,8.76,6.98,68766.0,54793.0,13973.0
Asia,Kazakhstan,Vegetables,Online,M,10/26/2013,282204822,11/14/2013,2379,156.19,84.95,371576.01,202096.05,169479.96
Asia,South Korea,Cosmetics,Offline,L,5/16/2017,617934890,5/27/2017,1372,429.98,262.68,589932.56,360396.96,229535.6
Australia and Oceania,Vanuatu,Cosmetics,Online,M,3/1/2016,286176027,3/9/2016,9890,437.78,255.3,4329644.2,2524917.0,1804727.2
Asia,Philippines,Fruits,Offline,L,5/26/2010,965038122,6/19/2010,4411,8.73,6.6,38508.03,29112.6,9395.43
Middle East and North Africa,Saudi Arabia,Office Supplies,Offline,M,9/21/2016,905294204,10/13/2016,8427,682.16,545.85,5748562.32,4599877.95,1148684.37
Middle East and North Africa,Yemen,Household,Offline,H,4/28/2012,484589014,5/18/2012,5309,681.94,475.2,3620419.46,2522836.8,1097582.66
Europe,Portugal,Office Supplies,Offline,M,5/25/2011,774512171,6/18/2011,7774,658.73,488.73,5120967.02,3799387.02,1321580.0
Australia and Oceania,East Timor,Fruits,Online,C,7/17/2012,403262070,7/31/2012,1733,9.31,7.26,16134.23,12581.58,3552.65
Europe,Sweden,Office Supplies,Online,L,11/17/2015,135623532,12/2/2015,8608,653.96,516.1,5629287.68,4442588.8,1186698.88
Asia,Vietnam,Fruits,Offline,C,8/31/2010,757689938,9/15/2010,4310,9.12,6.53,39307.2,28144.3,11162.9
Asia,Bangladesh,Beverages,Offline,L,4/15/2015,162098442,5/15/2015,7447,48.33,32.49,359913.51,241953.03,117960.48
North America,United States,Office Supplies,Offline,L,5/5/2015,180565430,5/19/2015,2917,641.8,555.0,1872130.6,1618935.0,253195.6
Central America and the Caribbean,Honduras,Clothes,Online,H,4/19/2012,594799043,5/14/2012,5843,110.98,38.17,648456.14,223027.31,425428.83
Europe,Russia,Meat,Online,H,11/20/2017,529987053,12/11/2017,7586,418.39,344.93,3173906.54,2616638.98,557267.56
Sub-Saharan Africa,Democratic Republic of the Congo,Snacks,Online,M,3/11/2014,434418820,3/30/2014,2479,152.28,97.05,377502.12,240586.95,136915.17
North America,United States,Vegetables,Online,H,5/16/2013,247324743,5/21/2013,3636,161.46,86.32,587068.56,313859.52,273209.04
Central America and the Caribbean,Dominican Republic,Meat,Offline,L,2/4/2011,404502232,2/8/2011,898,421.41,372.31,378426.18,334334.38,44091.8
Europe,Bulgaria,Household,Offline,L,2/28/2017,358765671,3/23/2017,3410,649.82,520.54,2215886.2,1775041.4,440844.8
North America,Mexico,Vegetables,Online,C,7/18/2017,451463444,8/13/2017,6043,155.48,93.58,939565.64,565503.94,374061.7
North America,Mexico,Snacks,Offline,C,8/30/2015,918527277,9/19/2015,866,143.34,101.62,124132.44,88002.92,36129.52
Middle East and North Africa,Kuwait,Office Supplies,Offline,H,1/27/2011,900134702,2/14/2011,2884,609.76,530.1,1758547.84,1528808.4,229739.44
North America,Mexico,Office Supplies,Offline,C,6/13/2017,819853139,7/3/2017,6563,660.1,551.56,4332236.3,3619888.28,712348.02
Asia,Pakistan,Meat,Online,M,5/1/2014,548438799,5/11/2014,5276,449.56,342.61,2371878.56,1807610.36,564268.2
Asia,Sri Lanka,Vegetables,Online,C,12/23/2010,908384170,1/20/2011,9136,145.28,93.75,1327278.08,856500.0,470778.08
Australia and Oceania,Federated States of Micronesia,Baby Food,Offline,H,10/12/2011,263466690,10/30/2011,9892,271.03,169.41,2681028.76,1675803.72,1005225.04
Asia,South Korea,Fruits,Online,C,4/11/2014,657730994,5/3/2014,2078,9.08,6.73,18868.24,13984.94,4883.3
Asia,Philippines,Personal Care,Online,L,9/19/2011,251401189,9/28/2011,8661,86.87,58.88,752381.07,509959.68,242421.39
Asia,Indonesia,Clothes,Offline,H,2/1/2017,880424224,2/20/2017,8727,106.61,34.41,930385.47,300296.07,630089.4
Asia,Turkmenistan,Fruits,Offline,H,4/25/2015,934790582,5/7/2015,2024,9.98,6.73,20199.52,13621.52,6578.0
North America,Canada,Snacks,Offline,M,5/23/2016,504281350,6/1/2016,3451,155.63,104.07,537079.13,359145.57,177933.56
North America,Mexico,Fruits,Online,L,4/23/2010,441848858,5/6/2010,9770,8.8,6.73,85976.0,65752.1,20223.9
Sub-Saharan Africa,Angola,Personal Care,Online,H,6/1/2010,288743457,6/12/2010,6804,85.49,52.88,581673.96,359795.52,221878.44
Central America and the Caribbean,Jamaica,Vegetables,Online,H,4/14/2010,778320611,5/14/2010,8459,154.9,88.72,1310299.1,750482.48,559816.62
North America,Canada,Office Supplies,Online,C,7/31/2010,722796894,8/14/2010,6593,659.58,545.51,4348610.94,3596547.43,752063.51
North America,Mexico,Meat,Offline,L,8/6/2016,821639335,8/18/2016,5748,444.0,379.41,2552112.0,2180848.68,371263.32
Europe,Italy,Baby Food,Online,L,6/24/2010,954908882,7/7/2010,5786,254.62,148.38,1473231.32,858526.68,614704.64
Asia,Sri Lanka,Meat,Offline,C,5/25/2015,455342483,6/2/2015,2685,437.63,373.1,1175036.55,1001773.5,173263.05
Australia and Oceania,Kiribati,Snacks,Online,M,9/25/2015,529845395,10/1/2015,8729,154.32,96.8,1347059.28,844967.2,502092.08
Europe,Bulgaria,Vegetables,Online,M,1/21/2017,520851949,1/27/2017,3919,145.72,91.07,571076.68,356903.33,214173.35
Asia,Pakistan,Snacks,Online,H,6/2/2016,126939520,6/19/2016,2089,155.79,103.47,325445.31,216148.83,109296.48
Europe,Albania,Household,Offline,M,12/17/2014,642262077,1/5/2015,2565,678.02,510.08,1739121.3,1308355.2,430766.1
Australia and Oceania,Vanuatu,Vegetables,Offline,C,8/29/2010,517847330,9/16/2010,3811,156.48,88.14,596345.28,335901.54,260443.74
Sub-Saharan Africa,Nigeria,Office Supplies,Online,M,1/10/2016,518283974,1/15/2016,5768,658.93,557.95,3800708.24,3218255.6,582452.64
Sub-Saharan Africa,The Gambia,Personal Care,Online,C,11/26/2011,574858600,12/16/2011,4150,79.38,54.99,329427.0,228208.5,101218.5
Australia and Oceania,Samoa,Cereal,Offline,C,11/28/2017,695852670,12/13/2017,5931,200.85,111.19,1191241.35,659467.89,531773.46
Middle East and North Africa,Syria,Snacks,Online,C,9/6/2016,327275518,9/27/2016,7002,151.37,100.87,1059892.74,706291.74,353601.0
North America,Canada,Office Supplies,Offline,H,12/31/2014,283905336,1/22/2015,1338,636.5,550.11,851637.0,736047.18,115589.82
Asia,India,Office Supplies,Offline,C,3/20/2011,706550565,4/7/2011,8756,654.25,557.09,5728613.0,4877880.04,850732.96
Sub-Saharan Africa,Democratic Republic of the Congo,Cereal,Online,M,2/13/2014,661408222,2/24/2014,430,215.13,110.66,92505.9,47583.8,44922.1
Asia,Nepal,Personal Care,Online,M,7/15/2016,640906007,7/25/2016,8522,85.21,53.06,726159.62,452177.32,273982.3
Australia and Oceania,Papua New Guinea,Cereal,Online,L,2/16/2016,668482578,3/2/2016,1257,207.43,114.96,260739.51,144504.72,116234.79
Australia and Oceania,Federated States of Micronesia,Meat,Online,H,1/4/2016,164115860,1/7/2016,2125,406.09,381.19,862941.25,810028.75,52912.5
Asia,Kazakhstan,Cosmetics,Online,L,7/20/2015,767759617,7/31/2015,2032,407.81,281.39,828669.92,571784.48,256885.44
Sub-Saharan Africa,Mali,Fruits,Offline,C,7/9/2014,931222237,8/3/2014,4895,9.63,6.56,47138.85,32111.2,15027.65
Sub-Saharan Africa,Sierra Leone,Personal Care,Online,C,4/10/2011,353225292,4/23/2011,5597,85.33,59.62,477592.01,333693.14,143898.87
Asia,Brunei,Household,Offline,C,7/6/2017,219629645,7/22/2017,9730,631.46,483.82,6144105.8,4707568.6,1436537.2
Sub-Saharan Africa,Togo,Office Supplies,Online,C,6/19/2011,856303432,7/10/2011,3063,660.14,546.06,2022008.82,1672581.78,349427.04
Central America and the Caribbean,Haiti,Beverages,Offline,C,1/2/2013,892225190,1/15/2013,2505,44.38,33.57,111171.9,84092.85,27079.05
Europe,Denmark,Clothes,Online,H,6/9/2014,761132523,6/24/2014,9052,104.12,35.72,942494.24,323337.44,619156.8
Sub-Saharan Africa,Djibouti,Fruits,Offline,H,7/27/2016,198809153,7/30/2016,3547,9.45,7.17,33519.15,25431.99,8087.16
Asia,India,Clothes,Offline,C,3/20/2017,851559536,3/26/2017,5298,106.18,37.98,562541.64,201218.04,361323.6
Asia,China,Household,Offline,C,2/14/2015,178418038,2/21/2015,7178,633.54,493.27,4547550.12,3540692.06,1006858.06
Asia,Philippines,Cosmetics,Online,L,7/9/2010,769825109,7/29/2010,2207,451.97,273.55,997497.79,603724.85,393772.94
Asia,Bangladesh,Beverages,Online,C,11/13/2010,651670360,11/22/2010,1813,48.79,30.74,88456.27,55731.62,32724.65
North America,Canada,Beverages,Online,H,3/27/2010,750124583,4/19/2010,6156,47.75,30.45,293949.0,187450.2,106498.8
Australia and Oceania,Australia,Fruits,Offline,C,2/19/2017,452337520,3/13/2017,8803,9.4,7.28,82748.2,64085.84,18662.36
North America,Mexico,Clothes,Online,L,6/20/2010,863332473,7/10/2010,709,102.17,34.31,72438.53,24325.79,48112.74
Asia,Brunei,Fruits,Offline,M,11/18/2014,565015986,12/6/2014,1528,8.83,6.67,13492.24,10191.76,3300.48
Europe,Croatia,Cereal,Offline,M,8/31/2014,456346434,9/20/2014,1258,193.21,116.32,243058.18,146330.56,96727.62
Australia and Oceania,Kiribati,Snacks,Online,H,8/24/2015,599475409,9/18/2015,9130,158.74,100.36,1449296.2,916286.8,533009.4
Asia,Bangladesh,Cosmetics,Offline,M,2/11/2016,384442517,2/28/2016,9714,413.95,247.26,4021110.3,2401883.64,1619226.66
Europe,Spain,Cereal,Offline,M,6/9/2012,155143189,6/26/2012,5240,198.53,123.4,1040297.2,646616.0,393681.2
Sub-Saharan Africa,Ethiopia,Household,Offline,L,11/9/2017,637504326,11/25/2017,8294,685.39,505.44,5684624.66,4192119.36,1492505.3
Middle East and North Africa,Lebanon,Snacks,Offline,C,4/11/2011,341065075,4/27/2011,618,147.13,102.03,90926.34,63054.54,27871.8
Central America and the Caribbean,Honduras,Snacks,Offline,H,10/1/2016,816789220,10/12/2016,8546,161.96,94.61,1384110.16,808537.06,575573.1
Australia and Oceania,Fiji,Personal Care,Offline,C,12/30/2013,139078103,1/8/2014,6021,80.35,59.23,483787.35,356623.83,127163.52
Australia and Oceania,Australia,Personal Care,Online,H,6/24/2015,140140342,7/16/2015,4747,83.09,57.78,394428.23,274281.66,120146.57
Central America and the Caribbean,Dominican Republic,Personal Care,Offline,C,2/3/2015,685759439,3/4/2015,5686,84.16,52.79,478533.76,300163.94,178369.82
Central America and the Caribbean,Jamaica,Snacks,Offline,C,1/4/2017,624366394,1/21/2017,1946,152.62,96.74,296998.52,188256.04,108742.48
Sub-Saharan Africa,Gabon,Personal Care,Online,M,6/28/2014,105855892,7/25/2014,9290,78.45,53.15,728800.5,493763.5,235037.0
North America,Mexico,Office Supplies,Offline,L,11/12/2017,652688055,12/11/2017,9064,683.05,510.27,6191165.2,4625087.28,1566077.92
Middle East and North Africa,Azerbaijan,Office Supplies,Offline,M,6/28/2012,551250392,7/21/2012,6782,653.03,561.21,4428849.46,3806126.22,622723.24
Central America and the Caribbean,Grenada,Baby Food,Offline,M,2/21/2016,788094383,3/18/2016,9997,252.59,155.06,2525142.23,1550134.82,975007.41
North America,United States,Personal Care,Online,M,7/11/2017,643649813,8/8/2017,5445,84.2,59.85,458469.0,325883.25,132585.75
Central America and the Caribbean,Haiti,Personal Care,Online,H,9/23/2017,895624593,10/8/2017,1399,81.54,57.87,114074.46,80960.13,33114.33
Sub-Saharan Africa,Madagascar,Household,Online,C,2/19/2013,430544175,3/10/2013,1417,630.51,483.24,893432.67,684751.08,208681.59
Central America and the Caribbean,Dominican Republic,Clothes,Online,L,2/3/2016,388268963,2/9/2016,7755,102.29,38.23,793258.95,296473.65,496785.3
Middle East and North Africa,Bahrain,Meat,Online,H,6/29/2017,628122629,7/4/2017,381,414.08,360.63,157764.48,137400.03,20364.45
Europe,Slovenia,Snacks,Online,L,8/18/2017,951044823,9/12/2017,9697,157.71,95.33,1529313.87,924415.01,604898.86
Sub-Saharan Africa,Tanzania,Snacks,Offline,M,10/26/2010,811349271,11/25/2010,2247,145.31,95.62,326511.57,214858.14,111653.43
Australia and Oceania,Vanuatu,Cereal,Offline,L,11/4/2014,673207990,11/30/2014,6751,219.87,109.87,1484342.37,741732.37,742610.0
Europe,Malta,Office Supplies,Offline,M,6/10/2017,841611908,6/28/2017,9978,680.96,505.3,6794618.88,5041883.4,1752735.48
Europe,Greece,Clothes,Offline,H,5/13/2016,738137163,5/22/2016,3341,109.98,37.2,367443.18,124285.2,243157.98
Central America and the Caribbean,Grenada,Fruits,Offline,M,8/30/2013,848823264,9/4/2013,5108,9.45,6.93,48270.6,35398.44,12872.16
Central America and the Caribbean,Belize,Meat,Online,C,9/3/2014,440738463,9/17/2014,488,440.86,348.58,215139.68,170107.04,45032.64
Middle East and North Africa,Iran,Cosmetics,Offline,C,7/30/2017,175492702,8/8/2017,1360,433.94,275.56,590158.4,374761.6,215396.8
Sub-Saharan Africa,Angola,Snacks,Offline,C,5/11/2016,689547455,6/4/2016,1674,154.99,100.74,259453.26,168638.76,90814.5
Sub-Saharan Africa,Cape Verde,Snacks,Online,C,4/16/2016,449400405,5/11/2016,5040,142.71,94.11,719258.4,474314.4,244944.0
Central America and the Caribbean,Dominican Republic,Household,Online,C,2/13/2010,394788938,3/1/2010,9581,694.83,511.73,6657166.23,4902885.13,1754281.1
Europe,Norway,Clothes,Offline,H,6/30/2013,257845372,7/7/2013,3695,104.43,35.22,385868.85,130137.9,255730.95
Sub-Saharan Africa,Mozambique,Cosmetics,Offline,M,1/21/2014,432200373,1/28/2014,916,426.33,274.44,390518.28,251387.04,139131.24
North America,Canada,Clothes,Offline,H,9/2/2014,752956359,9/13/2014,2346,115.08,35.35,269977.68,82931.1,187046.58
Australia and Oceania,New Zealand,Meat,Offline,C,5/3/2015,293637850,5/8/2015,6862,421.49,347.29,2892264.38,2383103.98,509160.4
Central America and the Caribbean,Jamaica,Fruits,Online,H,6/23/2014,781892278,7/2/2014,168,8.91,7.15,1496.88,1201.2,295.68
Asia,Philippines,Clothes,Online,L,4/27/2010,158468713,4/30/2010,3649,116.56,33.85,425327.44,123518.65,301808.79
Sub-Saharan Africa,Lesotho,Office Supplies,Offline,C,10/12/2012,487056222,10/29/2012,9508,652.18,503.29,6200927.44,4785281.32,1415646.12
Sub-Saharan Africa,Republic of the Congo,Fruits,Online,H,10/27/2016,640946477,11/19/2016,4927,8.94,7.06,44047.38,34784.62,9262.76
Sub-Saharan Africa,Guinea,Personal Care,Online,C,12/30/2012,555319361,1/29/2013,5616,80.86,57.65,454109.76,323762.4,130347.36
Middle East and North Africa,Libya,Personal Care,Online,L,11/21/2014,119356395,12/20/2014,4096,82.01,56.01,335912.96,229416.96,106496.0
Europe,San Marino,Fruits,Offline,H,12/18/2016,950688603,12/21/2016,311,9.47,6.63,2945.17,2061.93,883.24
North America,Canada,Beverages,Online,H,7/14/2017,757644463,8/12/2017,1383,45.41,32.95,62802.03,45569.85,17232.18
North America,United States,Baby Food,Offline,H,7/19/2012,223469479,8/16/2012,8972,269.83,150.48,2420914.76,1350106.56,1070808.2
Australia and Oceania,Tuvalu,Cosmetics,Online,H,6/9/2012,606775437,6/16/2012,2918,427.16,277.48,1246452.88,809686.64,436766.24
North America,Mexico,Household,Online,C,6/3/2015,864060465,6/14/2015,2288,670.56,509.22,1534241.28,1165095.36,369145.92
Australia and Oceania,Fiji,Clothes,Online,M,8/5/2017,161050977,8/8/2017,4402,113.55,34.17,499847.1,150416.34,349430.76
Asia,Bangladesh,Baby Food,Online,L,3/5/2013,291827941,3/24/2013,6036,241.97,169.06,1460530.92,1020446.16,440084.76
Europe,Denmark,Fruits,Online,M,9/19/2016,184415234,10/8/2016,3088,9.69,6.91,29922.72,21338.08,8584.64
Sub-Saharan Africa,South Sudan,Cereal,Online,H,11/24/2017,499124005,12/3/2017,7324,211.5,119.34,1549026.0,874046.16,674979.84
Sub-Saharan Africa,Uganda,Household,Offline,C,1/21/2017,454461874,2/17/2017,759,698.26,475.68,529979.34,361041.12,168938.22
Middle East and North Africa,Azerbaijan,Household,Online,H,12/19/2012,830561955,1/18/2013,5728,641.02,485.44,3671762.56,2780600.32,891162.24
Central America and the Caribbean,Belize,Household,Offline,M,3/21/2012,542020189,4/15/2012,966,633.11,513.65,611584.26,496185.9,115398.36
North America,Canada,Snacks,Offline,H,3/29/2013,286745776,4/19/2013,7178,145.3,97.71,1042963.4,701362.38,341601.02
Sub-Saharan Africa,Togo,Cosmetics,Online,M,1/5/2012,462442429,2/3/2012,2169,435.57,280.46,944751.33,608317.74,336433.59
Europe,Croatia,Meat,Offline,H,9/27/2011,443600056,10/21/2011,8581,426.45,349.95,3659367.45,3002920.95,656446.5
Middle East and North Africa,Syria,Fruits,Offline,M,11/5/2011,312089802,11/12/2011,9313,9.86,6.48,91826.18,60348.24,31477.94
Central America and the Caribbean,Cuba,Baby Food,Online,M,1/24/2010,968837668,2/9/2010,1687,243.25,165.47,410362.75,279147.89,131214.86
North America,Canada,Beverages,Online,C,2/3/2016,360310280,2/13/2016,426,49.14,30.79,20933.64,13116.54,7817.1
North America,United States,Cosmetics,Online,M,8/17/2012,652608897,8/20/2012,3130,448.75,275.55,1404587.5,862471.5,542116.0
Sub-Saharan Africa,Cape Verde,Snacks,Online,M,5/4/2010,262310588,5/19/2010,1371,143.75,94.57,197081.25,129655.47,67425.78
Europe,Finland,Household,Offline,M,5/4/2016,897881433,5/8/2016,9243,693.4,526.54,6409096.2,4866809.22,1542286.98
Central America and the Caribbean,Cuba,Clothes,Online,C,11/23/2011,256891987,12/14/2011,2382,111.99,36.99,266760.18,88110.18,178650.0
Middle East and North Africa,Algeria,Vegetables,Online,L,7/11/2010,477431755,7/14/2010,1456,161.47,85.33,235100.32,124240.48,110859.84
North America,Mexico,Cereal,Offline,H,9/21/2010,197647430,9/25/2010,3365,208.56,119.15,701804.4,400939.75,300864.65
Middle East and North Africa,Yemen,Fruits,Online,H,5/8/2013,119519958,5/17/2013,8774,9.22,6.99,80896.28,61330.26,19566.02
Asia,Laos,Clothes,Offline,H,6/20/2017,699845024,7/8/2017,2417,103.17,35.62,249361.89,86093.54,163268.35
Central America and the Caribbean,Grenada,Snacks,Online,L,12/11/2011,457036157,1/5/2012,9426,146.84,96.97,1384113.84,914039.22,470074.62
Australia and Oceania,Fiji,Household,Online,L,12/29/2012,333591824,1/22/2013,8055,683.88,504.13,5508653.4,4060767.15,1447886.25
Europe,Poland,Office Supplies,Offline,C,12/11/2015,663514551,1/10/2016,7316,631.51,497.62,4620127.16,3640587.92,979539.24
Central America and the Caribbean,Grenada,Cereal,Online,C,12/31/2010,617705558,1/24/2011,2755,208.91,122.93,575547.05,338672.15,236874.9
Asia,Kyrgyzstan,Office Supplies,Offline,C,5/21/2012,118478983,6/1/2012,8929,616.52,536.58,5504907.08,4791122.82,713784.26
Central America and the Caribbean,Grenada,Meat,Online,M,12/4/2014,806916215,12/24/2014,9050,428.83,364.68,3880911.5,3300354.0,580557.5
Australia and Oceania,Vanuatu,Office Supplies,Online,H,12/3/2010,671010048,12/7/2010,368,670.54,529.26,246758.72,194767.68,51991.04
Middle East and North Africa,Bahrain,Baby Food,Online,H,6/18/2010,165556437,7/18/2010,3299,265.08,152.93,874498.92,504516.07,369982.85
Australia and Oceania,Fiji,Clothes,Offline,L,12/27/2016,872611772,1/8/2017,1984,110.77,34.27,219767.68,67991.68,151776.0
Middle East and North Africa,Bahrain,Clothes,Online,H,12/28/2015,918005034,1/19/2016,152,116.85,33.58,17761.2,5104.16,12657.04
North America,Mexico,Beverages,Online,M,4/7/2015,389086476,4/10/2015,5739,49.85,33.25,286089.15,190821.75,95267.4
North America,Canada,Clothes,Offline,C,3/8/2012,989119010,3/16/2012,9785,111.78,37.79,1093767.3,369775.15,723992.15
Middle East and North Africa,Libya,Cosmetics,Online,H,8/10/2011,113595089,8/22/2011,2961,430.52,259.92,1274769.72,769623.12,505146.6
Asia,Turkmenistan,Household,Online,H,5/20/2015,251712302,5/27/2015,5566,667.3,472.31,3714191.8,2628877.46,1085314.34
North America,Mexico,Office Supplies,Online,M,10/23/2012,735788123,11/5/2012,3433,692.92,551.07,2378794.36,1891823.31,486971.05
Sub-Saharan Africa,Cape Verde,Cosmetics,Offline,M,8/24/2012,311978819,8/29/2012,9196,417.98,273.91,3843744.08,2518876.36,1324867.72
Middle East and North Africa,Tunisia,Clothes,Online,C,7/14/2015,342894234,7/23/2015,5014,113.71,34.08,570141.94,170877.12,399264.82
Middle East and North Africa,Morocco,Household,Offline,H,7/4/2013,467968172,7/17/2013,3619,637.26,515.64,2306243.94,1866101.16,440142.78
Europe,Italy,Cereal,Offline,H,6/21/2015,976378287,7/15/2015,6364,218.61,119.2,1391234.04,758588.8,632645.24
North America,Mexico,Vegetables,Offline,L,12/27/2010,854915173,1/20/2011,3252,157.21,94.77,511246.92,308192.04,203054.88
Australia and Oceania,Australia,Vegetables,Offline,C,6/29/2017,786280693,7/11/2017,3087,156.16,86.01,482065.92,265512.87,216553.05
Australia and Oceania,Fiji,Beverages,Offline,L,3/1/2016,905711050,3/25/2016,9516,44.47,30.92,423176.52,294234.72,128941.8
Asia,Pakistan,Cosmetics,Online,C,2/23/2011,643866850,3/2/2011,3838,467.35,249.54,1793689.3,957734.52,835954.78
Sub-Saharan Africa,Uganda,Baby Food,Online,M,11/7/2010,713785721,11/14/2010,7446,262.37,157.04,1953607.02,1169319.84,784287.18
Central America and the Caribbean,Jamaica,Baby Food,Offline,C,10/9/2017,205548600,11/3/2017,4332,252.27,170.5,1092833.64,738606.0,354227.64
Sub-Saharan Africa,Cameroon,Cosmetics,Offline,C,4/9/2011,684668649,4/22/2011,6401,449.45,268.52,2876929.45,1718796.52,1158132.93
North America,Mexico,Meat,Offline,L,10/29/2015,782799787,11/18/2015,4555,423.55,384.89,1929270.25,1753173.95,176096.3
Europe,Netherlands,Office Supplies,Offline,M,12/13/2012,576741463,12/24/2012,617,639.74,494.87,394719.58,305334.79,89384.79
Middle East and North Africa,Bahrain,Office Supplies,Online,H,2/14/2010,229306168,3/5/2010,8799,658.46,533.94,5793789.54,4698138.06,1095651.48
Europe,Slovenia,Cosmetics,Offline,H,11/10/2013,924835427,11/15/2013,4076,454.27,248.72,1851604.52,1013782.72,837821.8
Europe,Denmark,Office Supplies,Offline,L,10/10/2015,731146413,10/16/2015,6646,616.38,550.27,4096461.48,3657094.42,439367.06
Australia and Oceania,Papua New Guinea,Beverages,Offline,M,10/22/2010,705836012,10/27/2010,7870,49.36,33.06,388463.2,260182.2,128281.0
Central America and the Caribbean,Mexico,Vegetables,Offline,M,11/27/2014,320834244,12/7/2014,1071,156.4,96.41,167504.4,103255.11,64249.29
Central America and the Caribbean,Dominican Republic,Household,Offline,L,5/24/2011,284205408,6/9/2011,9972,701.06,530.75,6990970.32,5292639.0,1698331.32
North America,Canada,Personal Care,Offline,M,7/7/2010,285189735,8/6/2010,698,80.3,53.01,56049.4,37000.98,19048.42
Australia and Oceania,Federated States of Micronesia,Fruits,Online,C,7/2/2011,778418325,7/14/2011,425,9.59,6.51,4075.75,2766.75,1309.0
Sub-Saharan Africa,Cameroon,Household,Offline,M,10/21/2012,382776882,11/12/2012,4440,677.44,533.23,3007833.6,2367541.2,640292.4
Central America and the Caribbean,Guatemala,Snacks,Online,H,11/17/2014,569138654,12/13/2014,9232,153.14,98.36,1413788.48,908059.52,505728.96
Asia,Pakistan,Beverages,Offline,H,6/4/2014,302794240,7/2/2014,8783,45.36,33.59,398396.88,295020.97,103375.91
Europe,Finland,Household,Online,L,12/2/2012,166990379,12/6/2012,7727,626.15,506.82,4838261.05,3916198.14,922062.91
Central America and the Caribbean,Nicaragua,Fruits,Online,C,4/27/2013,418526183,5/7/2013,6133,8.99,7.18,55135.67,44034.94,11100.73
Sub-Saharan Africa,Ethiopia,Personal Care,Online,L,5/25/2014,777703806,6/12/2014,521,85.37,54.11,44477.77,28191.31,16286.46
Sub-Saharan Africa,Sao Tome and Principe,Personal Care,Online,L,5/22/2017,293901922,5/29/2017,5078,81.22,58.67,412435.16,297926.26,114508.9
Australia and Oceania,Federated States of Micronesia,Cosmetics,Offline,C,4/26/2013,377788591,5/10/2013,7641,456.0,259.37,3484296.0,1981846.17,1502449.83
Asia,Turkmenistan,Clothes,Offline,L,4/25/2016,485332808,5/16/2016,9299,104.45,34.56,971280.55,321373.44,649907.11
Asia,Philippines,Office Supplies,Offline,L,1/17/2014,577380179,2/7/2014,5198,658.17,540.77,3421167.66,2810922.46,610245.2
Central America and the Caribbean,Nicaragua,Office Supplies,Offline,M,11/16/2015,856910320,12/11/2015,2626,652.72,507.26,1714042.72,1332064.76,381977.96
Central America and the Caribbean,Belize,Cosmetics,Offline,M,7/17/2017,608147855,7/28/2017,154,424.45,268.73,65365.3,41384.42,23980.88
Sub-Saharan Africa,Chad,Clothes,Online,L,1/3/2015,666272423,1/29/2015,1899,110.47,34.03,209782.53,64622.97,145159.56
Australia and Oceania,Samoa,Beverages,Offline,H,5/31/2010,267341205,6/14/2010,1246,47.94,32.32,59733.24,40270.72,19462.52
Australia and Oceania,Tuvalu,Cosmetics,Offline,H,3/17/2015,832565147,4/12/2015,2121,409.76,247.19,869100.96,524289.99,344810.97
Sub-Saharan Africa,Senegal,Clothes,Online,H,3/20/2017,116976261,4/12/2017,5701,114.55,36.79,653049.55,209739.79,443309.76
North America,Mexico,Fruits,Offline,L,2/27/2012,752920902,3/14/2012,3609,8.89,7.03,32084.01,25371.27,6712.74
Asia,Myanmar,Vegetables,Online,M,4/27/2015,422529184,5/18/2015,2616,160.16,92.86,418978.56,242921.76,176056.8
Australia and Oceania,Fiji,Office Supplies,Online,C,12/24/2010,743320101,1/18/2011,2852,638.09,559.81,1819832.68,1596578.12,223254.56
North America,Mexico,Office Supplies,Offline,H,11/5/2013,977613971,11/19/2013,1804,679.82,557.53,1226395.28,1005784.12,220611.16
Central America and the Caribbean,Guatemala,Cosmetics,Online,H,7/4/2011,903369078,7/25/2011,721,451.63,274.66,325625.23,198029.86,127595.37
Australia and Oceania,Samoa,Household,Offline,C,9/26/2016,660271121,10/1/2016,7591,684.86,484.67,5198772.26,3679129.97,1519642.29
North America,Mexico,Personal Care,Online,L,1/13/2010,476492902,2/1/2010,7746,85.54,58.26,662592.84,451281.96,211310.88
North America,Canada,Vegetables,Online,L,3/21/2013,953503296,3/26/2013,8828,163.63,85.78,1444525.64,757265.84,687259.8
Central America and the Caribbean,Panama,Clothes,Offline,C,11/28/2010,117705006,12/8/2010,6515,114.79,37.21,747856.85,242423.15,505433.7
North America,Canada,Office Supplies,Offline,M,7/5/2015,930853848,7/18/2015,956,694.38,523.5,663827.28,500466.0,163361.28
North America,United States,Fruits,Offline,H,5/8/2017,435902319,5/30/2017,1892,9.53,6.69,18030.76,12657.48,5373.28
Sub-Saharan Africa,Liberia,Snacks,Offline,H,3/10/2016,655405183,3/13/2016,8414,163.12,102.67,1372491.68,863865.38,508626.3
Europe,Malta,Fruits,Offline,H,3/14/2012,931641340,4/10/2012,2377,9.74,7.18,23151.98,17066.86,6085.12
Central America and the Caribbean,Honduras,Personal Care,Offline,L,9/26/2015,211792871,10/1/2015,4349,76.11,56.07,331002.39,243848.43,87153.96
Central America and the Caribbean,Dominican Republic,Personal Care,Offline,C,3/14/2016,511813884,3/29/2016,3324,84.87,59.42,282107.88,197512.08,84595.8
Middle East and North Africa,Bahrain,Vegetables,Offline,H,10/25/2013,917530514,11/23/2013,2975,144.21,88.63,429024.75,263674.25,165350.5
Middle East and North Africa,Iraq,Meat,Offline,M,5/15/2011,743887948,6/9/2011,3178,443.47,351.47,1409347.66,1116971.66,292376.0
Australia and Oceania,Kiribati,Baby Food,Offline,C,8/7/2015,269420639,8/20/2015,7003,271.15,149.65,1898863.45,1047998.95,850864.5
Europe,Switzerland,Clothes,Online,H,2/19/2013,433338935,3/15/2013,8443,102.12,37.68,862199.16,318132.24,544066.92
Australia and Oceania,Australia,Fruits,Offline,M,1/11/2017,767547066,1/14/2017,4176,8.71,6.89,36372.96,28772.64,7600.32
Sub-Saharan Africa,Liberia,Baby Food,Offline,H,6/11/2014,923199541,6/22/2014,9393,262.95,170.03,2469889.35,1597091.79,872797.56
North America,Mexico,Office Supplies,Offline,M,12/26/2015,294260836,1/20/2016,7796,639.15,535.33,4982813.4,4173432.68,809380.72
Middle East and North Africa,Azerbaijan,Household,Offline,M,1/7/2014,944879491,1/28/2014,9235,638.13,502.59,5893130.55,4641418.65,1251711.9
Europe,Switzerland,Vegetables,Online,H,9/21/2012,459623819,10/8/2012,2061,164.3,89.99,338622.3,185469.39,153152.91
Sub-Saharan Africa,Kenya,Vegetables,Offline,M,1/26/2017,602336641,1/31/2017,1577,160.78,87.38,253550.06,137798.26,115751.8
Middle East and North Africa,Israel,Clothes,Offline,C,7/18/2014,110978500,8/13/2014,554,102.12,34.97,56574.48,19373.38,37201.1
Sub-Saharan Africa,Republic of the Congo,Cosmetics,Online,C,6/1/2016,511157966,6/28/2016,1929,415.8,269.48,802078.2,519826.92,282251.28
Central America and the Caribbean,Dominican Republic,Clothes,Online,L,5/26/2013,228697113,6/23/2013,6494,109.86,38.08,713430.84,247291.52,466139.32
Australia and Oceania,Tuvalu,Office Supplies,Offline,C,3/8/2013,470784396,3/22/2013,5817,674.95,543.01,3926184.15,3158689.17,767494.98
North America,Canada,Meat,Online,H,6/20/2014,941367692,7/14/2014,8912,442.67,348.07,3945075.04,3101999.84,843075.2
Middle East and North Africa,Saudi Arabia,Vegetables,Offline,L,9/3/2012,839653418,9/21/2012,8978,143.49,87.8,1288253.22,788268.4,499984.82
Australia and Oceania,New Zealand,Baby Food,Online,M,5/9/2010,102093955,5/22/2010,1338,243.73,155.84,326110.74,208513.92,117596.82
North America,Canada,Cereal,Offline,M,7/13/2011,956859766,7/26/2011,2016,214.03,120.35,431484.48,242625.6,188858.88
Australia and Oceania,East Timor,Clothes,Offline,C,4/25/2015,344307535,4/28/2015,6998,113.67,34.0,795462.66,237932.0,557530.66
Sub-Saharan Africa,Ethiopia,Cosmetics,Online,H,12/24/2014,330741342,1/15/2015,4481,421.15,262.86,1887173.15,1177875.66,709297.49
Europe,Latvia,Household,Online,L,4/5/2016,122812450,4/11/2016,8351,707.91,502.34,5911756.41,4195041.34,1716715.07
Europe,Switzerland,Clothes,Online,C,11/18/2012,585894628,11/27/2012,6639,102.87,36.72,682953.93,243784.08,439169.85
Central America and the Caribbean,Grenada,Beverages,Online,C,11/1/2017,216717042,11/4/2017,7093,46.74,32.16,331526.82,228110.88,103415.94
Australia and Oceania,Samoa,Cosmetics,Offline,H,3/12/2016,861595727,4/10/2016,8865,454.15,254.04,4026039.75,2252064.6,1773975.15
Sub-Saharan Africa,Comoros,Vegetables,Offline,M,4/18/2012,157350768,4/21/2012,5912,144.58,85.08,854756.96,502992.96,351764.0
Asia,Thailand,Cereal,Online,M,6/9/2013,680335711,6/27/2013,8043,215.49,116.77,1733186.07,939181.11,794004.96
Middle East and North Africa,Pakistan,Cosmetics,Offline,H,3/13/2015,124228205,3/22/2015,2575,410.62,251.13,1057346.5,646659.75,410686.75
Sub-Saharan Africa,Chad,Meat,Offline,L,2/12/2013,903976096,3/8/2013,796,434.21,352.4,345631.16,280510.4,65120.76
North America,Mexico,Household,Online,M,6/13/2011,194548208,6/30/2011,9746,665.55,514.43,6486450.3,5013634.78,1472815.52
Sub-Saharan Africa,Nigeria,Personal Care,Online,L,12/2/2016,124944454,12/9/2016,4340,81.54,55.34,353883.6,240175.6,113708.0
Europe,Hungary,Clothes,Offline,M,10/25/2014,201474606,11/2/2014,7057,108.65,38.3,766743.05,270283.1,496459.95
North America,United States,Cosmetics,Offline,H,4/8/2016,639878676,4/22/2016,253,407.4,252.13,103072.2,63788.89,39283.31
North America,Canada,Personal Care,Online,C,12/26/2013,407322117,1/11/2014,3654,84.18,57.11,307593.72,208679.94,98913.78
Middle East and North Africa,Morocco,Beverages,Offline,H,1/31/2013,798598610,2/27/2013,5100,48.91,33.55,249441.0,171105.0,78336.0
North America,United States,Household,Offline,C,10/8/2012,269470523,10/25/2012,6354,634.3,534.37,4030342.2,3395386.98,634955.22
Europe,Sweden,Clothes,Offline,M,1/30/2014,373852113,2/5/2014,4206,108.73,37.19,457318.38,156421.14,300897.24
Asia,Laos,Clothes,Online,C,2/28/2015,745939961,3/18/2015,1940,111.71,34.79,216717.4,67492.6,149224.8
Europe,Russia,Cereal,Online,C,11/8/2013,976078648,12/3/2013,6584,215.55,119.89,1419181.2,789355.76,629825.44
Sub-Saharan Africa,Benin,Household,Offline,H,10/14/2013,123273008,11/9/2013,8861,635.98,514.39,5635418.78,4558009.79,1077408.99
Central America and the Caribbean,Jamaica,Household,Online,L,10/23/2014,404290956,11/19/2014,8291,651.39,520.54,5400674.49,4315797.14,1084877.35
Central America and the Caribbean,Nicaragua,Fruits,Offline,L,12/21/2013,769801373,1/7/2014,6940,8.88,6.61,61627.2,45873.4,15753.8
Middle East and North Africa,Tunisia,Personal Care,Online,L,10/24/2013,578340349,11/22/2013,3579,78.16,60.23,279734.64,215563.17,64171.47
North America,United States,Cosmetics,Offline,L,12/5/2017,831126977,12/26/2017,8670,446.08,281.7,3867513.6,2442339.0,1425174.6
Australia and Oceania,New Zealand,Meat,Offline,L,8/26/2010,628633891,9/5/2010,5259,439.55,364.47,2311593.45,1916747.73,394845.72
Sub-Saharan Africa,Mali,Office Supplies,Offline,L,12/11/2013,263098306,12/30/2013,3950,619.81,501.18,2448249.5,1979661.0,468588.5
North America,United States,Clothes,Online,C,6/26/2010,944820471,7/8/2010,8415,112.63,37.99,947781.45,319685.85,628095.6
Middle East and North Africa,Oman,Cosmetics,Offline,H,5/7/2015,857276880,5/16/2015,7450,417.99,274.25,3114025.5,2043162.5,1070863.0
Asia,Thailand,Vegetables,Online,M,6/2/2015,702503243,6/16/2015,8116,146.53,87.52,1189237.48,710312.32,478925.16
Sub-Saharan Africa,Liberia,Office Supplies,Online,L,2/21/2016,746992800,2/24/2016,4654,658.13,491.95,3062937.02,2289535.3,773401.72
Australia and Oceania,Samoa,Personal Care,Offline,C,7/31/2012,545234552,8/8/2012,5619,79.3,53.02,445586.7,297919.38,147667.32
Middle East and North Africa,Lebanon,Household,Offline,C,10/9/2015,559162025,10/20/2015,3965,649.9,489.84,2576853.5,1942215.6,634637.9
Central America and the Caribbean,Cuba,Snacks,Offline,C,3/21/2013,502142372,3/31/2013,7500,150.96,100.65,1132200.0,754875.0,377325.0
Asia,Pakistan,Office Supplies,Offline,H,4/21/2013,313909536,5/17/2013,7712,696.79,533.69,5373644.48,4115817.28,1257827.2
Asia,Sri Lanka,Personal Care,Online,C,1/7/2017,199218508,2/6/2017,1324,76.19,55.68,100875.56,73720.32,27155.24
Sub-Saharan Africa,Chad,Office Supplies,Online,H,10/2/2012,920691942,10/8/2012,6255,696.2,504.35,4354731.0,3154709.25,1200021.75
Asia,Myanmar,Office Supplies,Offline,C,11/5/2016,441339500,11/16/2016,9110,642.14,507.75,5849895.4,4625602.5,1224292.9
North America,United States,Beverages,Online,C,11/26/2012,543229238,12/21/2012,3860,48.52,29.6,187287.2,114256.0,73031.2
Sub-Saharan Africa,Mauritania,Office Supplies,Offline,H,1/25/2010,969937387,1/29/2010,4725,677.97,490.74,3203408.25,2318746.5,884661.75
Australia and Oceania,Solomon Islands,Snacks,Offline,M,5/7/2017,555794533,5/16/2017,9996,158.68,94.68,1586165.28,946421.28,639744.0
North America,Mexico,Fruits,Online,H,1/10/2013,189363161,1/27/2013,3034,9.47,6.64,28731.98,20145.76,8586.22
Australia and Oceania,Papua New Guinea,Clothes,Online,M,5/3/2014,523054059,5/21/2014,1090,105.99,37.61,115529.1,40994.9,74534.2
Australia and Oceania,Australia,Clothes,Offline,H,9/9/2011,398615890,10/6/2011,7538,108.16,35.1,815310.08,264583.8,550726.28
North America,Canada,Cosmetics,Offline,L,4/21/2010,599533430,5/1/2010,9266,447.3,249.53,4144681.8,2312144.98,1832536.82
Europe,Spain,Vegetables,Offline,C,7/7/2013,475999294,8/3/2013,930,143.52,90.5,133473.6,84165.0,49308.6
Asia,Malaysia,Meat,Offline,H,5/22/2017,387203314,5/28/2017,2915,407.04,380.26,1186521.6,1108457.9,78063.7
Middle East and North Africa,Algeria,Household,Offline,M,12/20/2014,236193118,1/1/2015,3784,634.11,500.1,2399472.24,1892378.4,507093.84
Europe,Romania,Office Supplies,Online,M,11/22/2015,367256909,12/17/2015,2911,650.9,520.09,1894769.9,1513981.99,380787.91
Sub-Saharan Africa,Ghana,Beverages,Offline,H,12/7/2012,617413419,1/2/2013,6207,49.1,30.09,304763.7,186768.63,117995.07
Asia,Thailand,Cosmetics,Offline,L,9/19/2013,766329020,9/28/2013,5017,417.64,262.55,2095299.88,1317213.35,778086.53
Australia and Oceania,Papua New Guinea,Meat,Offline,M,9/1/2011,949034951,9/24/2011,7776,417.97,355.54,3250134.72,2764679.04,485455.68
Middle East and North Africa,Lebanon,Meat,Online,H,4/27/2017,224955490,5/19/2017,5048,411.7,360.17,2078261.6,1818138.16,260123.44
Asia,Indonesia,Office Supplies,Online,C,8/14/2015,857018165,8/20/2015,1835,618.47,505.37,1134892.45,927353.95,207538.5
Australia and Oceania,Solomon Islands,Clothes,Offline,C,6/21/2011,900765792,6/26/2011,9976,104.6,36.63,1043489.6,365420.88,678068.72
Central America and the Caribbean,Costa Rica,Fruits,Offline,L,2/7/2015,867529837,2/21/2015,5785,8.85,7.1,51197.25,41073.5,10123.75
Australia and Oceania,Solomon Islands,Cosmetics,Online,C,4/24/2011,129994448,5/3/2011,8566,461.32,263.65,3951667.12,2258425.9,1693241.22
Europe,Czech Republic,Office Supplies,Online,C,1/3/2017,474136564,1/20/2017,2559,677.0,545.68,1732443.0,1396395.12,336047.88
Sub-Saharan Africa,Cote d'Ivoire,Cosmetics,Offline,M,10/15/2014,726853819,10/23/2014,8742,423.07,255.44,3698477.94,2233056.48,1465421.46
Sub-Saharan Africa,Uganda,Baby Food,Offline,L,6/21/2016,913358633,7/7/2016,8852,253.24,157.36,2241680.48,1392950.72,848729.76
Europe,Estonia,Vegetables,Offline,H,6/19/2015,801335912,6/23/2015,794,146.11,90.97,116011.34,72230.18,43781.16
Australia and Oceania,New Zealand,Meat,Offline,L,5/2/2012,500543102,5/8/2012,382,426.98,376.75,163106.36,143918.5,19187.86
Australia and Oceania,Samoa,Household,Online,H,2/29/2016,294791626,3/19/2016,3204,648.99,495.02,2079363.96,1586044.08,493319.88
Sub-Saharan Africa,Djibouti,Beverages,Online,L,12/21/2014,500781453,1/4/2015,3135,45.96,30.5,144084.6,95617.5,48467.1
Middle East and North Africa,Oman,Office Supplies,Offline,C,10/31/2015,977417588,11/30/2015,7823,688.72,515.32,5387856.56,4031348.36,1356508.2
Asia,Japan,Baby Food,Offline,H,2/25/2015,534206185,3/1/2015,3637,241.11,165.96,876917.07,603596.52,273320.55
Central America and the Caribbean,Mexico,Fruits,Offline,H,1/24/2017,675249361,1/27/2017,2426,9.1,7.22,22076.6,17515.72,4560.88
North America,United States,Beverages,Offline,M,9/2/2014,408958133,9/27/2014,1738,50.51,33.39,87786.38,58031.82,29754.56
Europe,Norway,Personal Care,Online,M,9/9/2016,197008306,10/6/2016,9106,80.16,56.55,729936.96,514944.3,214992.66
North America,Mexico,Baby Food,Offline,M,11/8/2017,364225970,11/18/2017,5773,267.99,166.37,1547106.27,960454.01,586652.26
Asia,Indonesia,Beverages,Online,L,3/18/2016,242867984,4/14/2016,5109,47.3,30.75,241655.7,157101.75,84553.95
Australia and Oceania,New Zealand,Cosmetics,Online,L,11/5/2012,110450991,11/11/2012,1967,431.02,262.74,847816.34,516809.58,331006.76
Sub-Saharan Africa,Liberia,Household,Online,M,3/8/2015,966918152,4/6/2015,5521,670.9,497.44,3704038.9,2746366.24,957672.66
Middle East and North Africa,Tunisia,Snacks,Online,M,6/21/2010,687188860,7/7/2010,9893,145.61,95.89,1440519.73,948639.77,491879.96
Central America and the Caribbean,Dominican Republic,Office Supplies,Offline,H,11/8/2016,920955928,12/5/2016,6043,689.62,546.02,4167373.66,3299598.86,867774.8
Central America and the Caribbean,Cuba,Snacks,Offline,L,9/10/2012,190609805,9/30/2012,6622,150.39,98.65,995882.58,653260.3,342622.28
North America,Canada,Household,Online,C,10/7/2011,259635232,11/1/2011,9577,707.32,496.83,6774003.64,4758140.91,2015862.73
Central America and the Caribbean,Cuba,Cereal,Offline,L,9/1/2017,510975752,9/28/2017,6920,217.71,111.23,1506553.2,769711.6,736841.6
Central America and the Caribbean,Cuba,Fruits,Online,C,3/3/2012,688548202,3/23/2012,7805,9.55,6.53,74537.75,50966.65,23571.1
Europe,Austria,Fruits,Online,M,12/3/2014,421139758,12/6/2014,8739,8.84,7.13,77252.76,62309.07,14943.69
Middle East and North Africa,Morocco,Office Supplies,Online,M,1/3/2013,615746512,1/10/2013,6261,652.91,517.37,4087869.51,3239253.57,848615.94
North America,Canada,Beverages,Online,M,9/1/2013,436593525,9/11/2013,1499,44.35,33.89,66480.65,50801.11,15679.54
Central America and the Caribbean,Jamaica,Office Supplies,Offline,L,7/13/2010,289615824,8/4/2010,343,696.53,547.13,238909.79,187665.59,51244.2
Australia and Oceania,Vanuatu,Household,Online,H,10/6/2016,424495837,10/19/2016,8923,639.12,508.24,5702867.76,4535025.52,1167842.24
Australia and Oceania,East Timor,Cereal,Offline,H,12/12/2014,304298027,12/27/2014,6614,192.13,124.62,1270747.82,824236.68,446511.14
North America,United States,Snacks,Online,H,1/30/2012,843242149,2/20/2012,1829,154.13,98.08,281903.77,179388.32,102515.45
Australia and Oceania,East Timor,Baby Food,Online,L,4/21/2012,256987569,4/30/2012,3654,268.2,167.27,980002.8,611204.58,368798.22
North America,Mexico,Household,Online,C,4/2/2010,109999380,5/2/2010,5272,670.67,520.73,3535772.24,2745288.56,790483.68
Europe,Russia,Fruits,Online,M,6/15/2012,562645848,7/4/2012,4219,9.12,6.53,38477.28,27550.07,10927.21
Sub-Saharan Africa,Chad,Beverages,Online,L,8/21/2015,921765334,9/6/2015,7529,46.08,32.43,346936.32,244165.47,102770.85
Sub-Saharan Africa,Republic of the Congo,Baby Food,Online,L,3/6/2017,845779809,3/18/2017,1380,264.27,155.77,364692.6,214962.6,149730.0
Europe,Serbia,Meat,Offline,H,5/17/2010,250302554,5/24/2010,2644,423.91,344.24,1120818.04,910170.56,210647.48
Central America and the Caribbean,Nicaragua,Fruits,Online,H,11/24/2011,355966252,12/21/2011,2141,8.9,7.17,19054.9,15350.97,3703.93
Middle East and North Africa,Jordan,Household,Offline,M,10/12/2011,764776073,10/25/2011,9965,659.93,530.57,6576202.45,5287130.05,1289072.4
Asia,Kazakhstan,Baby Food,Offline,H,1/18/2010,741225420,2/7/2010,4527,258.44,164.62,1169957.88,745234.74,424723.14
Asia,Thailand,Clothes,Offline,L,10/23/2011,825837861,11/19/2011,5772,105.46,35.16,608715.12,202943.52,405771.6
North America,Mexico,Vegetables,Online,C,10/28/2012,677263198,11/4/2012,6060,163.23,96.11,989173.8,582426.6,406747.2
Asia,Kyrgyzstan,Personal Care,Online,H,3/12/2011,140430627,4/11/2011,2086,76.2,57.56,158953.2,120070.16,38883.04
Asia,Philippines,Cosmetics,Online,M,2/13/2011,327057306,3/15/2011,5323,452.06,273.37,2406315.38,1455148.51,951166.87
North America,United States,Cosmetics,Offline,C,8/31/2011,833332108,9/22/2011,1568,450.7,260.34,706697.6,408213.12,298484.48
Middle East and North Africa,Iraq,Meat,Offline,M,7/27/2011,490792759,8/23/2011,1777,436.33,385.26,775358.41,684607.02,90751.39
Europe,Switzerland,Cosmetics,Offline,C,5/15/2013,295102952,6/4/2013,6834,433.67,262.99,2963700.78,1797273.66,1166427.12
Central America and the Caribbean,Guatemala,Baby Food,Offline,M,11/21/2013,279360622,11/26/2013,5692,264.29,155.98,1504338.68,887838.16,616500.52
North America,Mexico,Personal Care,Online,H,5/6/2012,805671135,5/22/2012,6565,77.23,52.82,507014.95,346763.3,160251.65
Europe,Norway,Fruits,Online,M,1/10/2014,489093833,1/15/2014,9808,9.86,7.13,96706.88,69931.04,26775.84
Central America and the Caribbean,Panama,Snacks,Online,L,12/22/2014,239932259,12/25/2014,3524,157.33,96.31,554430.92,339396.44,215034.48
Australia and Oceania,Tuvalu,Meat,Offline,C,7/13/2013,949922157,7/22/2013,4075,396.58,382.14,1616063.5,1557220.5,58843.0
Sub-Saharan Africa,Togo,Beverages,Online,H,11/18/2013,561794160,12/15/2013,2461,47.58,30.77,117094.38,75724.97,41369.41
Asia,Thailand,Personal Care,Offline,C,11/25/2011,158288140,12/14/2011,1067,83.93,53.2,89553.31,56764.4,32788.91
Central America and the Caribbean,Trinidad and Tobago,Fruits,Offline,L,6/15/2013,389187124,6/25/2013,9640,9.59,6.45,92447.6,62178.0,30269.6
Europe,Slovakia,Beverages,Offline,C,11/20/2015,579648367,12/5/2015,1799,47.57,33.85,85578.43,60896.15,24682.28
Central America and the Caribbean,Haiti,Baby Food,Offline,H,7/4/2015,395654454,7/9/2015,4339,249.73,158.12,1083578.47,686082.68,397495.79
Middle East and North Africa,Kuwait,Beverages,Online,C,3/18/2017,105327200,4/9/2017,9205,50.38,31.08,463747.9,286091.4,177656.5
Sub-Saharan Africa,Mali,Beverages,Online,H,2/21/2015,146187084,2/25/2015,8586,49.89,31.9,428355.54,273893.4,154462.14
Europe,Greece,Vegetables,Online,L,2/24/2012,608996917,3/9/2012,9592,145.78,88.29,1398321.76,846877.68,551444.08
North America,United States,Cosmetics,Online,H,1/1/2012,793225795,1/31/2012,5875,442.03,259.72,2596926.25,1525855.0,1071071.25
Europe,Albania,Fruits,Offline,C,3/4/2012,270816839,3/26/2012,5573,9.7,7.12,54058.1,39679.76,14378.34
Asia,India,Cereal,Online,M,1/21/2015,124080403,2/18/2015,5150,193.35,115.95,995752.5,597142.5,398610.0
North America,Canada,Clothes,Online,C,4/6/2012,536257670,5/6/2012,7871,103.92,37.18,817954.32,292643.78,525310.54
North America,Mexico,Fruits,Offline,H,6/13/2016,320842718,7/2/2016,6776,9.18,7.35,62203.68,49803.6,12400.08
North America,Mexico,Snacks,Offline,M,3/6/2016,340813504,3/13/2016,1666,144.65,94.96,240986.9,158203.36,82783.54
Middle East and North Africa,Morocco,Meat,Offline,L,9/12/2013,287503409,9/18/2013,918,433.22,380.92,397695.96,349684.56,48011.4
Australia and Oceania,Fiji,Snacks,Offline,C,3/11/2010,842501171,4/6/2010,9391,154.54,103.37,1451285.14,970747.67,480537.47
Middle East and North Africa,Morocco,Beverages,Online,M,10/20/2011,416712993,10/29/2011,7372,48.56,30.83,357984.32,227278.76,130705.56
Sub-Saharan Africa,Sierra Leone,Beverages,Offline,M,6/18/2017,924975376,7/14/2017,5378,44.33,30.16,238406.74,162200.48,76206.26
Europe,Luxembourg,Meat,Online,L,6/20/2011,358590893,7/1/2011,5334,412.14,382.07,2198354.76,2037961.38,160393.38
Asia,Myanmar,Personal Care,Online,C,10/12/2016,594208093,10/29/2016,1259,77.91,54.85,98088.69,69056.15,29032.54
Middle East and North Africa,Saudi Arabia,Beverages,Online,H,5/30/2010,792581391,6/8/2010,3156,45.9,30.19,144860.4,95279.64,49580.76
Asia,Japan,Cosmetics,Offline,H,10/26/2015,932377055,11/15/2015,5637,426.14,260.22,2402151.18,1466860.14,935291.04
Central America and the Caribbean,Mexico,Meat,Offline,C,12/24/2014,992392945,1/4/2015,6307,432.73,370.6,2729228.11,2337374.2,391853.91
North America,Canada,Cereal,Online,M,12/27/2010,945646184,1/19/2011,6163,213.31,117.31,1314629.53,722981.53,591648.0
Central America and the Caribbean,Haiti,Clothes,Online,L,1/20/2011,463043384,2/6/2011,485,116.41,33.4,56458.85,16199.0,40259.85
Asia,Nepal,Meat,Online,L,6/26/2015,648863186,7/7/2015,7934,414.56,371.53,3289119.04,2947719.02,341400.02
North America,United States,Vegetables,Online,M,7/24/2011,553694204,8/10/2011,2651,151.1,95.42,400566.1,252958.42,147607.68
Europe,United Kingdom,Cosmetics,Online,C,9/25/2012,956953954,9/29/2012,3434,424.44,247.98,1457526.96,851563.32,605963.64
Australia and Oceania,Papua New Guinea,Household,Offline,C,8/27/2015,734114323,9/16/2015,187,709.68,495.43,132710.16,92645.41,40064.75
Asia,Philippines,Household,Offline,C,12/11/2016,636126437,1/8/2017,8934,660.85,522.92,5904033.9,4671767.28,1232266.62
Sub-Saharan Africa,Nigeria,Baby Food,Offline,C,4/1/2011,231185971,4/4/2011,8621,240.08,166.56,2069729.68,1435913.76,633815.92
Sub-Saharan Africa,Rwanda,Vegetables,Offline,C,3/8/2010,887978221,4/3/2010,252,156.51,93.71,39440.52,23614.92,15825.6
Middle East and North Africa,Lebanon,Fruits,Offline,L,4/19/2014,875664215,5/15/2014,1579,9.36,6.56,14779.44,10358.24,4421.2
Australia and Oceania,Samoa,Office Supplies,Offline,H,2/4/2015,583228678,2/15/2015,8617,694.11,550.48,5981145.87,4743486.16,1237659.71
Central America and the Caribbean,Panama,Fruits,Online,H,9/14/2010,999748155,10/10/2010,6844,9.52,7.31,65154.88,50029.64,15125.24
Australia and Oceania,Solomon Islands,Personal Care,Online,H,1/16/2013,319817266,1/25/2013,7335,84.82,56.4,622154.7,413694.0,208460.7
Australia and Oceania,Tuvalu,Baby Food,Online,C,7/16/2015,761396760,7/30/2015,5107,245.72,163.76,1254892.04,836322.32,418569.72
Central America and the Caribbean,Grenada,Cosmetics,Offline,L,6/27/2017,263135218,7/19/2017,7303,416.78,261.71,3043744.34,1911268.13,1132476.21
North America,Canada,Office Supplies,Online,C,1/5/2017,936413535,1/22/2017,6775,669.68,558.74,4537082.0,3785463.5,751618.5
Sub-Saharan Africa,Kenya,Meat,Online,M,12/5/2012,240845573,12/13/2012,366,399.36,367.02,146165.76,134329.32,11836.44
Central America and the Caribbean,Guatemala,Snacks,Online,C,8/20/2011,313133080,9/1/2011,1802,148.82,101.09,268173.64,182164.18,86009.46
Central America and the Caribbean,Grenada,Beverages,Offline,L,11/7/2016,519046655,11/26/2016,3845,46.83,29.75,180061.35,114388.75,65672.6
Middle East and North Africa,Israel,Beverages,Offline,M,3/31/2011,359704718,4/10/2011,5006,49.94,31.58,249999.64,158089.48,91910.16
Europe,Serbia,Cosmetics,Online,M,2/28/2015,771493638,3/9/2015,6155,433.37,275.88,2667392.35,1698041.4,969350.95
Sub-Saharan Africa,Kenya,Baby Food,Offline,M,6/27/2012,537303253,7/14/2012,800,264.26,149.07,211408.0,119256.0,92152.0
Australia and Oceania,Solomon Islands,Cereal,Offline,M,8/3/2011,196797985,8/9/2011,9915,212.88,118.56,2110705.2,1175522.4,935182.8
Middle East and North Africa,Pakistan,Cosmetics,Online,C,7/29/2013,563442134,8/18/2013,7536,452.03,259.62,3406498.08,1956496.32,1450001.76
Sub-Saharan Africa,Kenya,Vegetables,Offline,M,5/31/2013,926268389,6/24/2013,9839,148.33,90.92,1459418.87,894561.88,564856.99
Sub-Saharan Africa,Lesotho,Household,Online,M,10/10/2017,513639784,11/8/2017,710,652.78,504.94,463473.8,358507.4,104966.4
Asia,Indonesia,Baby Food,Online,L,7/12/2015,264686464,7/19/2015,764,256.79,158.58,196187.56,121155.12,75032.44
Asia,Brunei,Snacks,Online,M,5/22/2016,485917097,6/3/2016,4276,159.88,100.12,683646.88,428113.12,255533.76
Sub-Saharan Africa,South Africa,Baby Food,Offline,H,7/12/2015,213576570,8/6/2015,9045,240.69,153.45,2177041.05,1387955.25,789085.8
Middle East and North Africa,Syria,Meat,Online,M,12/12/2010,806282461,12/15/2010,1233,399.74,342.74,492879.42,422598.42,70281.0
Australia and Oceania,Fiji,Cereal,Online,L,7/14/2015,535084069,7/31/2015,3751,213.1,113.4,799338.1,425363.4,373974.7
Europe,Estonia,Snacks,Offline,C,4/27/2015,827397494,5/25/2015,121,159.76,101.84,19330.96,12322.64,7008.32
Central America and the Caribbean,Haiti,Meat,Online,M,1/9/2017,119076390,1/31/2017,9025,440.91,341.23,3979212.75,3079600.75,899612.0
Middle East and North Africa,UAE,Cereal,Offline,C,9/5/2010,995998504,9/26/2010,9978,196.92,121.46,1964867.76,1211927.88,752939.88
Sub-Saharan Africa,Zambia,Vegetables,Online,H,1/18/2017,145721418,1/27/2017,2319,154.75,90.65,358865.25,210217.35,148647.9
Central America and the Caribbean,Belize,Beverages,Offline,L,2/10/2013,437613000,2/18/2013,7157,49.41,32.57,353627.37,233103.49,120523.88
Europe,Monaco,Meat,Online,M,10/25/2010,898186217,11/14/2010,6468,403.89,340.22,2612360.52,2200542.96,411817.56
Central America and the Caribbean,Guatemala,Snacks,Online,H,8/31/2015,963499366,9/22/2015,7897,142.76,100.34,1127375.72,792384.98,334990.74
Middle East and North Africa,Kuwait,Cosmetics,Online,M,2/5/2016,700212869,2/20/2016,7248,448.31,246.74,3249350.88,1788371.52,1460979.36
Asia,Thailand,Snacks,Offline,H,4/11/2017,644131723,4/22/2017,4880,155.48,95.3,758742.4,465064.0,293678.4
Asia,Nepal,Household,Online,C,7/16/2017,497683552,7/22/2017,1643,689.04,481.89,1132092.72,791745.27,340347.45
North America,Mexico,Cereal,Online,L,11/11/2012,352361935,12/5/2012,8542,216.21,109.38,1846865.82,934323.96,912541.86
Central America and the Caribbean,Nicaragua,Snacks,Offline,L,10/24/2010,116262738,11/5/2010,3723,154.38,100.39,574756.74,373751.97,201004.77
Sub-Saharan Africa,Republic of the Congo,Cosmetics,Online,M,8/7/2010,237298697,8/25/2010,9250,425.82,262.02,3938835.0,2423685.0,1515150.0
Middle East and North Africa,Qatar,Personal Care,Offline,H,9/19/2017,837614915,10/19/2017,1239,83.36,57.18,103283.04,70846.02,32437.02
Central America and the Caribbean,Dominican Republic,Vegetables,Offline,L,11/26/2016,878315061,11/30/2016,3514,159.65,94.54,561010.1,332213.56,228796.54
Europe,United Kingdom,Baby Food,Offline,L,4/5/2014,514739470,5/1/2014,108,246.24,160.79,26593.92,17365.32,9228.6
Asia,Thailand,Meat,Online,H,6/25/2015,197789115,7/8/2015,4593,408.77,362.74,1877480.61,1666064.82,211415.79
Middle East and North Africa,Lebanon,Office Supplies,Online,L,12/24/2015,969023509,1/16/2016,3486,692.44,514.54,2413845.84,1793686.44,620159.4
Asia,Brunei,Fruits,Offline,H,7/15/2013,974983448,8/4/2013,6440,9.52,6.97,61308.8,44886.8,16422.0
North America,Mexico,Household,Online,C,10/9/2017,426575004,10/18/2017,9886,662.31,492.71,6547596.66,4870931.06,1676665.6
Asia,China,Snacks,Online,H,12/30/2010,380758109,1/7/2011,2541,160.5,103.66,407830.5,263400.06,144430.44
Asia,Turkmenistan,Office Supplies,Offline,H,1/8/2013,426510686,1/19/2013,8335,653.24,518.4,5444755.4,4320864.0,1123891.4
Europe,Belgium,Household,Offline,M,11/4/2011,421393182,11/21/2011,3248,658.12,505.75,2137573.76,1642676.0,494897.76
Central America and the Caribbean,Mexico,Household,Online,C,8/4/2011,602584504,8/18/2011,458,645.63,483.29,295698.54,221346.82,74351.72
Europe,Netherlands,Fruits,Online,L,1/20/2017,657934187,2/11/2017,7380,9.63,7.17,71069.4,52914.6,18154.8
North America,Canada,Vegetables,Offline,C,1/14/2014,385573457,1/25/2014,9397,159.45,96.23,1498351.65,904273.31,594078.34
Sub-Saharan Africa,Gabon,Cereal,Offline,H,5/9/2014,134437709,6/3/2014,6919,201.08,120.42,1391272.52,833185.98,558086.54
Australia and Oceania,Papua New Guinea,Household,Online,H,1/7/2010,144590097,1/28/2010,9600,636.25,471.64,6108000.0,4527744.0,1580256.0
Sub-Saharan Africa,Cape Verde,Cereal,Online,L,3/1/2013,736056484,3/14/2013,7563,219.88,124.0,1662952.44,937812.0,725140.44
Australia and Oceania,Kiribati,Clothes,Online,L,4/21/2013,887897887,5/19/2013,4585,104.53,38.15,479270.05,174917.75,304352.3
North America,Canada,Vegetables,Offline,M,3/13/2010,746061537,3/29/2010,8029,154.26,92.96,1238553.54,746375.84,492177.7
Europe,Denmark,Snacks,Offline,M,4/10/2012,659710687,4/16/2012,6071,142.95,101.18,867849.45,614263.78,253585.67
Sub-Saharan Africa,Zambia,Household,Offline,L,12/14/2010,319382455,1/12/2011,4082,662.4,502.13,2703916.8,2049694.66,654222.14
Europe,San Marino,Beverages,Offline,L,7/24/2015,574023806,8/20/2015,8323,48.94,32.81,407327.62,273077.63,134249.99
Europe,Latvia,Office Supplies,Online,H,6/4/2014,889614661,6/26/2014,7864,666.49,542.41,5241277.36,4265512.24,975765.12
Australia and Oceania,Fiji,Fruits,Online,H,7/26/2013,635542469,8/15/2013,8573,8.88,7.13,76128.24,61125.49,15002.75
Central America and the Caribbean,Jamaica,Cereal,Online,L,3/6/2012,608510945,3/28/2012,2173,197.46,109.97,429080.58,238964.81,190115.77
North America,Mexico,Cereal,Offline,C,7/11/2012,632010857,8/9/2012,2152,193.95,114.79,417380.4,247028.08,170352.32
Middle East and North Africa,Egypt,Snacks,Online,H,2/5/2016,963344870,2/16/2016,5378,154.24,100.55,829502.72,540757.9,288744.82
Asia,Pakistan,Fruits,Offline,C,11/15/2017,794876381,12/3/2017,6954,9.98,7.11,69400.92,49442.94,19957.98
Middle East and North Africa,Iran,Cosmetics,Offline,M,12/15/2016,816156124,12/23/2016,5782,414.89,257.08,2398893.98,1486436.56,912457.42
Australia and Oceania,Solomon Islands,Fruits,Offline,M,2/18/2012,334851917,3/8/2012,9532,9.98,6.55,95129.36,62434.6,32694.76
Australia and Oceania,New Zealand,Cereal,Offline,H,4/23/2014,566350445,5/6/2014,4043,196.7,124.34,795258.1,502706.62,292551.48
North America,United States,Vegetables,Online,H,1/31/2010,309446622,2/10/2010,9381,161.39,94.12,1513999.59,882939.72,631059.87
Asia,Indonesia,Fruits,Online,M,1/4/2014,121080184,1/26/2014,4421,8.84,6.81,39081.64,30107.01,8974.63
North America,United States,Vegetables,Online,M,8/13/2014,267459411,8/29/2014,5195,146.19,84.57,759457.05,439341.15,320115.9
Asia,Mongolia,Snacks,Offline,L,12/25/2016,963265883,12/29/2016,6548,152.93,100.13,1001385.64,655651.24,345734.4
Central America and the Caribbean,Mexico,Snacks,Online,H,3/30/2015,596160386,4/19/2015,8804,147.41,103.62,1297797.64,912270.48,385527.16
Middle East and North Africa,Syria,Beverages,Offline,M,2/17/2010,833320673,3/12/2010,4077,47.01,33.07,191659.77,134826.39,56833.38
Europe,Italy,Personal Care,Online,M,1/9/2010,328579379,2/4/2010,6689,86.37,55.58,577728.93,371774.62,205954.31
Europe,Monaco,Personal Care,Online,L,12/31/2015,619317355,1/19/2016,2254,83.79,56.41,188862.66,127148.14,61714.52
Middle East and North Africa,Bahrain,Cereal,Online,M,12/2/2010,760723410,12/29/2010,7548,210.14,116.32,1586136.72,877983.36,708153.36
Central America and the Caribbean,Costa Rica,Vegetables,Online,H,12/10/2012,613199481,1/6/2013,3050,159.4,90.19,486170.0,275079.5,211090.5
Europe,Spain,Office Supplies,Online,H,1/15/2015,837546093,2/8/2015,2334,620.17,539.9,1447476.78,1260126.6,187350.18
Asia,Sri Lanka,Cosmetics,Online,C,10/5/2012,273103134,10/23/2012,3269,442.06,265.07,1445094.14,866513.83,578580.31
Sub-Saharan Africa,Benin,Cosmetics,Offline,H,6/30/2012,701973246,7/17/2012,2929,465.46,273.54,1363332.34,801198.66,562133.68
Central America and the Caribbean,Jamaica,Office Supplies,Online,L,5/24/2015,691164549,6/16/2015,4280,663.84,497.48,2841235.2,2129214.4,712020.8
Middle East and North Africa,Iran,Household,Online,M,3/7/2013,966516486,4/4/2013,3513,672.61,520.2,2362878.93,1827462.6,535416.33
Middle East and North Africa,Saudi Arabia,Household,Offline,H,5/13/2015,780739612,5/31/2015,7671,643.74,528.71,4938129.54,4055734.41,882395.13
Australia and Oceania,Australia,Cereal,Offline,M,6/20/2016,390558809,7/5/2016,5991,191.31,117.88,1146138.21,706219.08,439919.13
Australia and Oceania,Papua New Guinea,Snacks,Offline,L,4/15/2017,513769602,4/22/2017,500,145.6,96.16,72800.0,48080.0,24720.0
Central America and the Caribbean,Dominican Republic,Vegetables,Offline,L,8/2/2014,583739352,8/16/2014,8070,159.56,92.03,1287649.2,742682.1,544967.1
Europe,Norway,Beverages,Offline,M,8/15/2011,805577268,9/9/2011,1765,47.41,31.98,83678.65,56444.7,27233.95
Middle East and North Africa,Yemen,Fruits,Offline,H,10/6/2013,791367028,10/28/2013,1169,9.15,7.14,10696.35,8346.66,2349.69
Sub-Saharan Africa,Tanzania,Baby Food,Offline,H,12/18/2011,639776928,12/24/2011,2369,273.09,162.65,646950.21,385317.85,261632.36
North America,Mexico,Beverages,Online,L,2/17/2010,422119666,2/20/2010,9024,44.39,31.14,400575.36,281007.36,119568.0
Middle East and North Africa,Iraq,Household,Online,H,4/21/2011,482588789,5/16/2011,4653,623.93,525.66,2903146.29,2445895.98,457250.31
Asia,Malaysia,Cosmetics,Offline,H,2/23/2014,875341469,2/26/2014,5346,408.58,257.26,2184268.68,1375311.96,808956.72
Europe,Estonia,Meat,Online,L,7/23/2010,949893896,7/27/2010,2906,450.29,344.86,1308542.74,1002163.16,306379.58
Asia,Indonesia,Vegetables,Online,L,8/21/2015,738307720,8/29/2015,8248,152.76,84.7,1259964.48,698605.6,561358.88
Middle East and North Africa,Yemen,Cereal,Online,L,10/31/2016,884188416,11/10/2016,766,198.83,122.79,152303.78,94057.14,58246.64
Europe,Iceland,Clothes,Offline,M,9/11/2012,454868244,9/22/2012,6124,105.34,34.85,645102.16,213421.4,431680.76
North America,United States,Household,Offline,H,7/31/2011,157830228,8/13/2011,9841,696.31,529.79,6852386.71,5213663.39,1638723.32
North America,Mexico,Office Supplies,Offline,C,7/1/2011,851179505,7/13/2011,4643,661.88,550.04,3073108.84,2553835.72,519273.12
Middle East and North Africa,Oman,Cereal,Offline,L,6/22/2015,473020642,7/4/2015,8760,208.89,113.98,1829876.4,998464.8,831411.6
Sub-Saharan Africa,Cape Verde,Vegetables,Offline,M,7/7/2013,164610460,7/15/2013,1420,148.43,90.87,210770.6,129035.4,81735.2
Sub-Saharan Africa,Mozambique,Office Supplies,Online,C,9/28/2011,257977257,10/19/2011,9815,634.63,489.71,6228893.45,4806503.65,1422389.8
Middle East and North Africa,Kuwait,Personal Care,Online,L,4/24/2011,890545133,5/14/2011,4126,82.02,56.11,338414.52,231509.86,106904.66
Central America and the Caribbean,Trinidad and Tobago,Cereal,Offline,M,11/10/2013,477402592,11/27/2013,9288,212.33,112.7,1972121.04,1046757.6,925363.44
Sub-Saharan Africa,Tanzania,Cosmetics,Online,M,11/22/2011,947688544,12/16/2011,7893,432.63,259.23,3414748.59,2046102.39,1368646.2
Central America and the Caribbean,Nicaragua,Office Supplies,Offline,M,5/14/2017,571989428,6/11/2017,2002,637.2,538.17,1275674.4,1077416.34,198258.06
Europe,Romania,Cereal,Offline,C,1/8/2013,999761841,1/16/2013,6739,217.46,122.42,1465462.94,824988.38,640474.56
Sub-Saharan Africa,Ethiopia,Clothes,Offline,H,7/19/2015,839736150,8/11/2015,3847,113.79,37.02,437750.13,142415.94,295334.19
Middle East and North Africa,Yemen,Beverages,Offline,H,6/24/2017,374230922,7/21/2017,5751,50.06,30.55,287895.06,175693.05,112202.01
Central America and the Caribbean,Jamaica,Snacks,Offline,M,7/17/2011,355269095,8/5/2011,2854,160.59,103.79,458323.86,296216.66,162107.2
North America,Canada,Vegetables,Offline,H,1/7/2016,112290805,2/1/2016,8831,153.56,85.52,1356088.36,755227.12,600861.24
Asia,Philippines,Beverages,Offline,M,3/22/2013,275029100,3/27/2013,7551,49.38,33.4,372868.38,252203.4,120664.98
Asia,Cambodia,Cereal,Offline,H,9/27/2010,625559295,10/12/2010,1589,203.23,116.3,322932.47,184800.7,138131.77
Middle East and North Africa,Pakistan,Fruits,Online,C,1/21/2010,974285202,2/13/2010,9885,9.25,6.64,91436.25,65636.4,25799.85
Australia and Oceania,New Zealand,Snacks,Offline,L,10/9/2017,550346688,10/31/2017,9252,155.62,98.75,1439796.24,913635.0,526161.24
Central America and the Caribbean,Trinidad and Tobago,Fruits,Online,M,10/29/2013,263441898,11/13/2013,8111,9.88,7.39,80136.68,59940.29,20196.39
Sub-Saharan Africa,Uganda,Cereal,Offline,L,6/23/2016,873293729,7/14/2016,1910,214.23,117.52,409179.3,224463.2,184716.1
Asia,India,Office Supplies,Offline,H,11/11/2016,193045967,12/9/2016,1106,649.75,561.36,718623.5,620864.16,97759.34
Central America and the Caribbean,Jamaica,Household,Online,H,8/24/2016,802880737,9/21/2016,7283,655.9,470.53,4776919.7,3426869.99,1350049.71
North America,Mexico,Personal Care,Offline,L,1/31/2015,175480462,2/12/2015,5111,87.3,59.9,446190.3,306148.9,140041.4
North America,Canada,Office Supplies,Offline,C,12/22/2011,907208753,12/29/2011,4408,670.1,519.79,2953800.8,2291234.32,662566.48
Central America and the Caribbean,Haiti,Office Supplies,Online,H,7/21/2010,538657869,8/4/2010,6120,671.24,515.07,4107988.8,3152228.4,955760.4
Asia,India,Vegetables,Offline,M,10/28/2011,172779924,11/2/2011,5862,149.64,95.1,877189.68,557476.2,319713.48
Sub-Saharan Africa,Zimbabwe,Cosmetics,Offline,H,11/15/2012,235623308,11/18/2012,6519,435.27,253.87,2837525.13,1654978.53,1182546.6
Sub-Saharan Africa,Guinea,Household,Offline,C,6/13/2013,178715467,7/13/2013,5966,685.14,503.73,4087545.24,3005253.18,1082292.06
Asia,Indonesia,Baby Food,Offline,M,3/23/2012,126556726,4/9/2012,3235,246.87,153.4,798624.45,496249.0,302375.45
North America,Mexico,Beverages,Online,C,3/23/2011,765864072,3/31/2011,1319,46.46,32.33,61280.74,42643.27,18637.47
Middle East and North Africa,Iraq,Household,Offline,L,3/26/2014,503242180,4/25/2014,7222,693.93,470.27,5011562.46,3396289.94,1615272.52
Central America and the Caribbean,Belize,Office Supplies,Online,C,10/28/2017,480598281,11/5/2017,8580,690.2,512.7,5921916.0,4398966.0,1522950.0
Australia and Oceania,Solomon Islands,Cosmetics,Online,H,1/25/2013,199086893,2/7/2013,7267,430.43,278.41,3127934.81,2023205.47,1104729.34
Asia,Kyrgyzstan,Meat,Offline,C,3/1/2016,647238447,3/14/2016,2908,441.45,346.62,1283736.6,1007970.96,275765.64
North America,United States,Baby Food,Offline,M,3/3/2017,795718584,3/15/2017,6623,271.73,157.35,1799667.79,1042129.05,757538.74
Asia,Nepal,Office Supplies,Offline,M,2/11/2012,234661806,2/23/2012,7844,654.36,550.66,5132799.84,4319377.04,813422.8
Middle East and North Africa,Libya,Clothes,Offline,L,12/31/2016,313529926,1/6/2017,9201,115.59,33.59,1063543.59,309061.59,754482.0
Asia,Malaysia,Beverages,Offline,M,9/19/2013,936824821,10/10/2013,4161,46.24,31.18,192404.64,129739.98,62664.66
North America,Mexico,Baby Food,Online,M,3/8/2011,684880704,3/20/2011,6438,254.02,148.42,1635380.76,955527.96,679852.8
Sub-Saharan Africa,Tanzania,Vegetables,Offline,C,1/24/2011,815288558,1/28/2011,1247,146.77,87.46,183022.19,109062.62,73959.57
Sub-Saharan Africa,Uganda,Cosmetics,Online,L,10/6/2014,424239320,10/31/2014,8051,409.9,264.98,3300104.9,2133353.98,1166750.92
North America,Mexico,Fruits,Offline,C,7/17/2016,759189307,8/3/2016,3599,8.78,6.49,31599.22,23357.51,8241.71
Asia,Kazakhstan,Beverages,Offline,L,3/28/2014,774801930,4/15/2014,2404,49.97,30.45,120127.88,73201.8,46926.08
Central America and the Caribbean,Haiti,Personal Care,Offline,M,11/27/2016,864817002,12/24/2016,5236,77.11,57.57,403747.96,301436.52,102311.44
North America,United States,Cosmetics,Online,M,11/5/2011,729087846,11/22/2011,6539,460.57,268.76,3011667.23,1757421.64,1254245.59
North America,Canada,Baby Food,Offline,H,7/5/2012,551682388,7/11/2012,1098,249.43,161.13,273874.14,176920.74,96953.4
North America,Mexico,Meat,Offline,L,6/29/2015,775007088,7/27/2015,4163,399.75,343.92,1664159.25,1431738.96,232420.29
Europe,Bulgaria,Household,Online,H,9/21/2015,658157792,10/19/2015,1409,709.82,500.17,1000136.38,704739.53,295396.85
Sub-Saharan Africa,Mauritania,Vegetables,Offline,M,10/18/2016,999409084,10/31/2016,5980,146.56,97.26,876428.8,581614.8,294814.0
Asia,Nepal,Clothes,Online,L,5/14/2011,718957611,6/5/2011,6547,110.27,36.18,721937.69,236870.46,485067.23
Middle East and North Africa,UAE,Household,Offline,C,5/11/2015,892324292,6/8/2015,6726,625.54,520.45,4207382.04,3500546.7,706835.34
Australia and Oceania,Kiribati,Cereal,Offline,M,7/4/2017,630780170,7/10/2017,4239,204.59,111.93,867257.01,474471.27,392785.74
Asia,Malaysia,Cosmetics,Online,C,7/3/2017,387734794,8/1/2017,4899,444.61,255.23,2178144.39,1250371.77,927772.62
Europe,Sweden,Office Supplies,Offline,C,4/5/2014,230300047,4/20/2014,4172,632.87,490.77,2640333.64,2047492.44,592841.2
Middle East and North Africa,Qatar,Beverages,Offline,C,8/12/2016,148091679,8/16/2016,3523,50.11,30.85,176537.53,108684.55,67852.98
Europe,Netherlands,Snacks,Online,L,4/16/2013,700929939,5/13/2013,6130,150.91,101.9,925078.3,624647.0,300431.3
Asia,Malaysia,Meat,Online,C,12/3/2014,430942359,12/6/2014,3588,400.29,356.74,1436240.52,1279983.12,156257.4
Sub-Saharan Africa,Rwanda,Cereal,Offline,L,12/20/2010,233175575,12/24/2010,9225,204.29,115.11,1884575.25,1061889.75,822685.5
Asia,Mongolia,Clothes,Online,L,5/16/2016,264382585,6/6/2016,4138,115.44,34.0,477690.72,140692.0,336998.72
Middle East and North Africa,Algeria,Personal Care,Offline,M,10/25/2013,623807665,11/21/2013,7605,78.24,54.28,595015.2,412799.4,182215.8
North America,Canada,Vegetables,Offline,H,12/5/2011,504035771,12/19/2011,9409,159.22,92.58,1498100.98,871085.22,627015.76
Asia,Bangladesh,Office Supplies,Online,M,2/17/2013,553868955,3/8/2013,103,613.27,523.28,63166.81,53897.84,9268.97
Australia and Oceania,Australia,Clothes,Offline,L,1/9/2012,174372825,1/29/2012,6520,104.05,34.81,678406.0,226961.2,451444.8
Asia,Turkmenistan,Baby Food,Offline,L,5/30/2016,625710904,6/7/2016,5349,246.04,162.14,1316067.96,867286.86,448781.1
Central America and the Caribbean,Grenada,Cosmetics,Offline,H,5/25/2014,641381958,5/29/2014,6704,466.09,263.11,3124667.36,1763889.44,1360777.92
North America,Canada,Fruits,Offline,L,1/10/2013,603688049,1/30/2013,8456,9.45,6.55,79909.2,55386.8,24522.4
Australia and Oceania,Papua New Guinea,Personal Care,Online,H,5/25/2012,201884055,6/10/2012,589,79.47,59.54,46807.83,35069.06,11738.77
Australia and Oceania,Samoa,Baby Food,Offline,M,12/13/2011,723435870,1/2/2012,4558,270.47,160.74,1232802.26,732652.92,500149.34
Central America and the Caribbean,Haiti,Household,Offline,C,6/9/2017,166096610,7/8/2017,239,688.42,467.46,164532.38,111722.94,52809.44
Europe,Portugal,Snacks,Online,H,3/28/2016,255782697,4/24/2016,9741,150.7,93.87,1467968.7,914387.67,553581.03
Sub-Saharan Africa,Sao Tome and Principe,Beverages,Online,C,7/16/2011,341624175,8/8/2011,8243,45.98,33.23,379013.14,273914.89,105098.25
Europe,France,Beverages,Online,M,8/6/2010,938743864,8/10/2010,7501,45.07,30.95,338070.07,232155.95,105914.12
North America,United States,Vegetables,Offline,M,12/10/2013,734966967,12/24/2013,7012,160.27,95.19,1123813.24,667472.28,456340.96
Sub-Saharan Africa,Senegal,Meat,Online,M,5/26/2013,833913674,6/25/2013,3595,412.45,342.5,1482757.75,1231287.5,251470.25
Australia and Oceania,Australia,Cosmetics,Offline,C,10/23/2017,318242184,11/21/2017,885,441.14,258.29,390408.9,228586.65,161822.25
Sub-Saharan Africa,Sierra Leone,Fruits,Online,M,3/12/2014,943529025,4/6/2014,9222,9.9,7.13,91297.8,65752.86,25544.94
North America,Canada,Baby Food,Offline,L,4/21/2014,519130852,5/17/2014,6636,251.53,153.02,1669153.08,1015440.72,653712.36
Australia and Oceania,Tuvalu,Personal Care,Offline,M,1/21/2010,500050122,2/10/2010,7996,76.36,53.7,610574.56,429385.2,181189.36
Middle East and North Africa,Bahrain,Clothes,Offline,C,4/30/2010,933894998,5/13/2010,848,107.3,36.31,90990.4,30790.88,60199.52
Middle East and North Africa,Syria,Vegetables,Online,L,8/22/2016,247893620,9/7/2016,6515,163.74,95.72,1066766.1,623615.8,443150.3
Europe,Sweden,Fruits,Offline,H,8/27/2015,699136827,9/15/2015,3983,9.24,6.71,36802.92,26725.93,10076.99
North America,United States,Personal Care,Online,M,10/5/2017,984250512,10/25/2017,505,79.55,54.78,40172.75,27663.9,12508.85
Middle East and North Africa,Yemen,Baby Food,Offline,L,8/19/2010,207451280,8/25/2010,7241,248.27,156.19,1797723.07,1130971.79,666751.28
Europe,Iceland,Meat,Offline,M,6/30/2011,591415607,7/8/2011,8006,438.19,352.26,3508149.14,2820193.56,687955.58
Europe,Poland,Vegetables,Online,M,9/12/2013,218237369,10/3/2013,9469,163.5,90.41,1548181.5,856092.29,692089.21
Middle East and North Africa,Kuwait,Clothes,Online,H,10/5/2011,529302456,11/4/2011,4345,103.29,37.94,448795.05,164849.3,283945.75
Central America and the Caribbean,Grenada,Fruits,Online,M,11/14/2013,194503410,12/4/2013,8783,9.17,6.48,80540.11,56913.84,23626.27
Australia and Oceania,Tuvalu,Personal Care,Offline,C,5/4/2017,900378104,5/29/2017,8225,79.29,58.58,652160.25,481820.5,170339.75
Australia and Oceania,New Zealand,Cosmetics,Online,C,3/13/2016,245457668,3/31/2016,8148,465.49,250.81,3792812.52,2043599.88,1749212.64
Sub-Saharan Africa,Chad,Fruits,Offline,L,3/15/2010,884124610,3/23/2010,5290,9.22,6.64,48773.8,35125.6,13648.2
Australia and Oceania,Samoa,Meat,Offline,M,2/5/2010,793678008,2/21/2010,5163,435.15,361.44,2246679.45,1866114.72,380564.73
Central America and the Caribbean,Trinidad and Tobago,Personal Care,Offline,M,3/13/2011,877827425,4/8/2011,4953,86.84,58.67,430118.52,290592.51,139526.01
Middle East and North Africa,Pakistan,Fruits,Online,C,12/4/2017,682329809,12/24/2017,6997,9.49,6.95,66401.53,48629.15,17772.38
Australia and Oceania,Vanuatu,Meat,Offline,H,4/15/2010,416165143,5/1/2010,9207,436.07,387.11,4014896.49,3564121.77,450774.72
Europe,Switzerland,Beverages,Offline,C,10/9/2012,442378360,10/26/2012,5458,46.22,32.18,252268.76,175638.44,76630.32
Middle East and North Africa,Lebanon,Baby Food,Online,L,8/29/2013,637134483,9/28/2013,5376,262.98,166.17,1413780.48,893329.92,520450.56
Asia,Thailand,Office Supplies,Online,C,12/10/2012,628986606,12/26/2012,2650,655.36,509.28,1736704.0,1349592.0,387112.0
Central America and the Caribbean,Nicaragua,Beverages,Online,M,1/24/2017,849089660,2/22/2017,2132,45.03,31.52,96003.96,67200.64,28803.32
Central America and the Caribbean,Belize,Office Supplies,Offline,M,12/28/2011,658195491,1/1/2012,2669,641.5,557.11,1712163.5,1486926.59,225236.91
Central America and the Caribbean,Haiti,Vegetables,Online,L,10/1/2013,351797261,10/14/2013,9456,160.91,85.17,1521564.96,805367.52,716197.44
Asia,Myanmar,Fruits,Online,C,8/4/2011,443234440,8/21/2011,9282,9.57,6.79,88828.74,63024.78,25803.96
Central America and the Caribbean,Dominican Republic,Baby Food,Online,L,9/7/2010,637109215,9/18/2010,3504,241.08,151.72,844744.32,531626.88,313117.44
Australia and Oceania,Papua New Guinea,Baby Food,Offline,L,5/3/2016,825238962,5/27/2016,4235,248.52,164.71,1052482.2,697546.85,354935.35
Central America and the Caribbean,Belize,Personal Care,Online,H,3/8/2015,613236085,3/19/2015,5241,77.28,52.8,405024.48,276724.8,128299.68
Asia,Brunei,Office Supplies,Online,H,4/25/2016,816899079,4/28/2016,6440,654.46,513.11,4214722.4,3304428.4,910294.0
Asia,Kazakhstan,Baby Food,Offline,C,12/29/2014,982960506,1/8/2015,184,258.22,149.19,47512.48,27450.96,20061.52
Asia,Laos,Vegetables,Online,C,12/28/2014,151857593,1/2/2015,7959,148.59,97.16,1182627.81,773296.44,409331.37
Sub-Saharan Africa,Mozambique,Household,Offline,M,2/16/2013,369311602,3/17/2013,9962,677.8,478.88,6752243.6,4770602.56,1981641.04
Central America and the Caribbean,Guatemala,Baby Food,Online,L,7/29/2014,374599145,8/27/2014,2351,261.41,164.35,614574.91,386386.85,228188.06
Middle East and North Africa,Syria,Vegetables,Online,H,3/19/2016,207487675,3/28/2016,9591,154.69,90.19,1483631.79,865012.29,618619.5
Australia and Oceania,Federated States of Micronesia,Snacks,Online,C,10/7/2012,109652672,10/27/2012,718,162.42,103.24,116617.56,74126.32,42491.24
Australia and Oceania,Federated States of Micronesia,Vegetables,Online,C,4/24/2010,423775222,5/4/2010,4284,150.28,84.58,643799.52,362340.72,281458.8
Sub-Saharan Africa,Togo,Office Supplies,Offline,L,6/6/2016,116044667,7/3/2016,4714,665.14,498.93,3135469.96,2351956.02,783513.94
Australia and Oceania,New Zealand,Cereal,Online,H,12/1/2013,667484536,12/17/2013,4358,192.81,113.1,840265.98,492889.8,347376.18
Sub-Saharan Africa,Democratic Republic of the Congo,Fruits,Online,M,4/30/2010,871874671,5/20/2010,5059,9.59,7.26,48515.81,36728.34,11787.47
Australia and Oceania,Papua New Guinea,Baby Food,Online,C,7/20/2015,376763675,8/6/2015,5483,263.94,160.03,1447183.02,877444.49,569738.53
North America,Mexico,Cosmetics,Offline,M,12/27/2016,465621425,1/23/2017,140,453.37,245.38,63471.8,34353.2,29118.6
Central America and the Caribbean,Trinidad and Tobago,Personal Care,Offline,H,6/3/2011,609257007,6/30/2011,6373,76.11,57.3,485049.03,365172.9,119876.13
North America,Canada,Baby Food,Offline,M,6/28/2017,898902756,7/25/2017,4653,269.18,167.51,1252494.54,779424.03,473070.51
Middle East and North Africa,Tunisia,Meat,Online,C,6/8/2013,459282146,6/28/2013,4886,410.68,347.38,2006582.48,1697298.68,309283.8
Central America and the Caribbean,Costa Rica,Personal Care,Offline,L,11/11/2014,544184071,11/22/2014,9507,87.34,54.16,830341.38,514899.12,315442.26
Europe,Greece,Vegetables,Online,C,8/20/2017,818817079,9/6/2017,8025,161.22,90.94,1293790.5,729793.5,563997.0
Sub-Saharan Africa,Benin,Fruits,Offline,M,1/12/2015,237212723,2/7/2015,8833,9.14,6.87,80733.62,60682.71,20050.91
Central America and the Caribbean,Panama,Office Supplies,Online,H,8/18/2014,671304109,9/17/2014,8740,622.43,541.28,5440038.2,4730787.2,709251.0
Middle East and North Africa,Tunisia,Beverages,Online,H,11/1/2013,619195787,11/15/2013,374,47.74,32.33,17854.76,12091.42,5763.34
Australia and Oceania,Vanuatu,Clothes,Offline,L,6/30/2014,978771581,7/17/2014,500,113.91,37.2,56955.0,18600.0,38355.0
Middle East and North Africa,Bahrain,Clothes,Online,M,5/2/2015,200104247,5/12/2015,1091,114.96,36.94,125421.36,40301.54,85119.82
Middle East and North Africa,Israel,Office Supplies,Online,M,7/11/2012,582835787,8/6/2012,5586,660.61,559.67,3690167.46,3126316.62,563850.84
Asia,Turkmenistan,Fruits,Online,C,10/4/2012,774428575,11/3/2012,7452,8.8,6.71,65577.6,50002.92,15574.68
Australia and Oceania,Papua New Guinea,Beverages,Online,L,9/23/2010,316674161,10/13/2010,285,49.18,33.89,14016.3,9658.65,4357.65
North America,Mexico,Vegetables,Offline,L,10/8/2013,663112188,10/25/2013,546,156.3,97.27,85339.8,53109.42,32230.38
Middle East and North Africa,Iraq,Beverages,Online,M,2/18/2015,503312477,2/26/2015,7120,46.36,32.32,330083.2,230118.4,99964.8
Sub-Saharan Africa,South Africa,Personal Care,Offline,H,5/8/2010,783644186,5/14/2010,4466,85.02,53.65,379699.32,239600.9,140098.42
Australia and Oceania,Papua New Guinea,Beverages,Online,H,4/28/2015,838528979,5/23/2015,9670,46.62,31.65,450815.4,306055.5,144759.9
North America,United States,Meat,Online,C,1/14/2011,843021639,1/29/2011,792,405.51,366.35,321163.92,290149.2,31014.72
Asia,South Korea,Personal Care,Online,C,9/22/2012,752699952,10/13/2012,2776,76.26,60.31,211697.76,167420.56,44277.2
Sub-Saharan Africa,Liberia,Baby Food,Offline,M,6/23/2011,315107384,7/9/2011,7770,253.86,150.5,1972492.2,1169385.0,803107.2
Australia and Oceania,East Timor,Cosmetics,Offline,H,7/19/2011,150714948,8/2/2011,4808,465.32,251.54,2237258.56,1209404.32,1027854.24
Asia,Myanmar,Personal Care,Online,H,7/8/2010,566773405,7/30/2010,2535,81.1,58.37,205588.5,147967.95,57620.55
Australia and Oceania,Vanuatu,Meat,Offline,H,10/23/2012,520447531,11/1/2012,5680,422.63,375.6,2400538.4,2133408.0,267130.4
Asia,Myanmar,Fruits,Online,C,8/25/2017,581732887,9/5/2017,2422,9.9,7.03,23977.8,17026.66,6951.14
Europe,Malta,Household,Online,M,6/24/2017,608019502,7/23/2017,8331,685.92,476.82,5714399.52,3972387.42,1742012.1
Central America and the Caribbean,Nicaragua,Cosmetics,Online,C,10/9/2013,294342930,10/12/2013,3539,455.17,272.1,1610846.63,962961.9,647884.73
Sub-Saharan Africa,Kenya,Cereal,Online,H,4/29/2012,316228968,5/9/2012,9529,192.42,122.01,1833570.18,1162633.29,670936.89
Middle East and North Africa,Pakistan,Fruits,Offline,H,10/28/2012,459410291,11/1/2012,6028,9.37,6.57,56482.36,39603.96,16878.4
North America,Mexico,Fruits,Offline,C,4/11/2013,554957483,5/3/2013,3370,9.39,7.31,31644.3,24634.7,7009.6
Sub-Saharan Africa,The Gambia,Baby Food,Offline,L,12/8/2015,309571358,1/7/2016,3719,269.79,150.55,1003349.01,559895.45,443453.56
Europe,Iceland,Beverages,Offline,L,10/19/2011,892675349,10/31/2011,9294,46.3,33.92,430312.2,315252.48,115059.72
Sub-Saharan Africa,Angola,Cosmetics,Online,L,2/9/2016,662039019,2/20/2016,1730,455.34,247.61,787738.2,428365.3,359372.9
Australia and Oceania,Vanuatu,Snacks,Offline,C,5/7/2010,841619665,5/20/2010,2771,151.62,101.89,420139.02,282337.19,137801.83
North America,United States,Cosmetics,Online,L,5/25/2016,487140781,6/11/2016,546,426.9,261.22,233087.4,142626.12,90461.28
North America,Mexico,Household,Offline,L,2/27/2013,615120186,3/27/2013,7723,646.28,527.41,4991220.44,4073187.43,918033.01
Central America and the Caribbean,Panama,Baby Food,Offline,L,8/13/2016,624296932,8/16/2016,3932,261.97,158.36,1030066.04,622671.52,407394.52
Europe,Austria,Clothes,Online,C,6/11/2016,285105328,7/1/2016,8637,104.56,35.7,903084.72,308340.9,594743.82
Asia,Malaysia,Personal Care,Offline,H,11/7/2010,151178633,11/10/2010,355,78.31,55.97,27800.05,19869.35,7930.7
Europe,Monaco,Fruits,Online,C,3/2/2010,625489926,3/29/2010,2236,9.45,7.01,21130.2,15674.36,5455.84
Asia,China,Vegetables,Online,L,12/2/2017,800209323,12/11/2017,4718,160.19,92.57,755776.42,436745.26,319031.16
Central America and the Caribbean,Dominican Republic,Baby Food,Online,C,7/12/2011,607941149,7/19/2011,506,251.69,168.71,127355.14,85367.26,41987.88
Middle East and North Africa,Qatar,Cereal,Offline,L,5/22/2013,365984035,6/3/2013,7561,204.36,113.37,1545165.96,857190.57,687975.39
Asia,Philippines,Personal Care,Online,L,2/14/2013,326254129,3/4/2013,4076,83.76,54.29,341405.76,221286.04,120119.72
North America,Canada,Baby Food,Offline,H,10/16/2012,893849985,10/29/2012,9483,245.46,156.8,2327697.18,1486934.4,840762.78
Middle East and North Africa,Tunisia,Office Supplies,Offline,L,3/22/2011,522179981,4/15/2011,2887,618.96,493.35,1786937.52,1424301.45,362636.07
North America,Mexico,Household,Offline,H,8/10/2016,403875236,8/19/2016,3063,668.47,471.47,2047523.61,1444112.61,603411.0
North America,United States,Clothes,Offline,C,4/27/2014,971332390,5/14/2014,3812,108.97,33.81,415393.64,128883.72,286509.92
Asia,Malaysia,Fruits,Offline,H,3/17/2013,370656056,3/28/2013,5062,9.2,6.44,46570.4,32599.28,13971.12
Europe,Estonia,Vegetables,Online,L,4/20/2012,148526505,4/23/2012,4277,150.56,96.95,643945.12,414655.15,229289.97
Europe,Sweden,Meat,Online,L,2/25/2015,375187938,3/15/2015,5273,430.58,373.51,2270448.34,1969518.23,300930.11
Europe,Russia,Meat,Offline,H,12/9/2015,325943792,1/5/2016,8596,438.2,354.47,3766767.2,3047024.12,719743.08
Europe,United Kingdom,Clothes,Offline,L,9/19/2010,275908453,10/6/2010,8584,108.32,34.17,929818.88,293315.28,636503.6
North America,Mexico,Fruits,Online,L,2/8/2015,631231107,3/4/2015,9159,9.31,6.57,85270.29,60174.63,25095.66
Sub-Saharan Africa,Sierra Leone,Office Supplies,Offline,H,4/25/2014,847980117,5/10/2014,7087,639.89,558.77,4534900.43,3960002.99,574897.44
Central America and the Caribbean,Dominican Republic,Personal Care,Online,L,12/14/2016,164974575,12/25/2016,2101,86.23,60.26,181169.23,126606.26,54562.97
Asia,Laos,Cosmetics,Offline,C,3/30/2013,180760826,4/6/2013,3429,464.94,280.49,1594279.26,961800.21,632479.05
Australia and Oceania,Vanuatu,Household,Offline,M,1/7/2016,256442816,2/3/2016,3728,672.03,511.2,2505327.84,1905753.6,599574.24
Central America and the Caribbean,Panama,Baby Food,Online,M,2/19/2015,616146615,3/4/2015,1321,268.28,158.1,354397.88,208850.1,145547.78
Sub-Saharan Africa,Zimbabwe,Clothes,Offline,C,9/10/2014,840035341,9/23/2014,149,109.88,35.7,16372.12,5319.3,11052.82
Central America and the Caribbean,Mexico,Cosmetics,Online,M,9/17/2011,268419554,10/7/2011,6638,442.57,262.72,2937779.66,1743935.36,1193844.3
Europe,Austria,Office Supplies,Offline,H,8/24/2017,735767829,9/15/2017,9709,634.56,526.17,6160943.04,5108584.53,1052358.51
Central America and the Caribbean,Guatemala,Personal Care,Offline,L,3/20/2012,397533682,3/31/2012,1973,78.73,56.99,155334.29,112441.27,42893.02
Central America and the Caribbean,Cuba,Snacks,Online,H,9/8/2017,761017628,9/27/2017,3395,150.16,102.23,509793.2,347070.85,162722.35
Middle East and North Africa,Egypt,Baby Food,Offline,H,2/21/2017,615394708,3/20/2017,8286,253.76,156.88,2102655.36,1299907.68,802747.68
Central America and the Caribbean,Haiti,Meat,Offline,C,12/20/2012,629185588,12/31/2012,6912,445.17,381.49,3077015.04,2636858.88,440156.16
North America,Mexico,Snacks,Offline,L,5/28/2012,206392442,6/2/2012,7676,161.64,99.23,1240748.64,761689.48,479059.16
North America,Canada,Fruits,Offline,H,2/3/2011,311601726,2/15/2011,4505,9.46,6.96,42617.3,31354.8,11262.5
Australia and Oceania,Fiji,Meat,Online,M,3/13/2015,889512687,3/17/2015,9758,428.91,386.86,4185303.78,3774979.88,410323.9
Asia,Vietnam,Cereal,Offline,H,11/1/2013,122636298,11/5/2013,5190,195.69,111.67,1015631.1,579567.3,436063.8
Europe,Romania,Vegetables,Online,M,3/25/2011,438517060,4/20/2011,467,154.42,88.02,72114.14,41105.34,31008.8
Central America and the Caribbean,Nicaragua,Office Supplies,Online,L,12/31/2017,124269060,1/26/2018,3052,667.63,531.97,2037606.76,1623572.44,414034.32
Sub-Saharan Africa,Mauritania,Meat,Offline,M,4/2/2011,158848873,4/29/2011,1309,408.09,342.88,534189.81,448829.92,85359.89
Australia and Oceania,Papua New Guinea,Vegetables,Online,C,8/11/2016,818125134,9/6/2016,9100,154.7,90.17,1407770.0,820547.0,587223.0
Europe,Slovakia,Meat,Offline,L,10/30/2014,147454413,11/11/2014,2554,421.95,341.63,1077660.3,872523.02,205137.28
Asia,China,Cosmetics,Online,H,1/11/2014,936596650,1/19/2014,8678,438.67,277.12,3806778.26,2404847.36,1401930.9
Asia,Indonesia,Cereal,Offline,C,7/18/2016,759255230,8/4/2016,8252,198.16,123.09,1635216.32,1015738.68,619477.64
Asia,Pakistan,Beverages,Online,H,1/21/2010,430895025,2/10/2010,1675,44.68,31.34,74839.0,52494.5,22344.5
Central America and the Caribbean,Mexico,Office Supplies,Offline,C,10/6/2011,986114626,10/21/2011,5675,646.22,539.51,3667298.5,3061719.25,605579.25
Middle East and North Africa,Iran,Vegetables,Online,H,5/21/2012,699416059,6/17/2012,602,157.92,94.17,95067.84,56690.34,38377.5
Middle East and North Africa,Tunisia,Fruits,Online,L,5/9/2013,485710650,5/29/2013,9510,9.48,7.0,90154.8,66570.0,23584.8
Australia and Oceania,Federated States of Micronesia,Household,Online,M,10/29/2015,433174360,11/18/2015,5996,677.95,528.85,4064988.2,3170984.6,894003.6
Australia and Oceania,Kiribati,Cereal,Offline,L,9/25/2012,521520677,10/5/2012,8622,219.22,124.37,1890114.84,1072318.14,817796.7
Central America and the Caribbean,Guatemala,Fruits,Offline,C,8/20/2013,260314133,8/25/2013,7935,9.77,6.55,77524.95,51974.25,25550.7
Middle East and North Africa,Israel,Snacks,Offline,L,2/24/2010,937367883,3/21/2010,3747,157.38,102.66,589702.86,384667.02,205035.84
Middle East and North Africa,Saudi Arabia,Meat,Offline,H,4/27/2016,579514276,5/16/2016,4129,418.9,341.49,1729638.1,1410012.21,319625.89
Europe,Malta,Snacks,Online,C,10/11/2013,165703923,11/8/2013,7516,156.34,99.04,1175051.44,744384.64,430666.8
Central America and the Caribbean,Guatemala,Baby Food,Offline,L,2/23/2013,508238041,3/14/2013,1022,272.89,169.95,278893.58,173688.9,105204.68
North America,Mexico,Baby Food,Offline,C,9/18/2012,973662603,10/10/2012,2499,271.52,162.61,678528.48,406362.39,272166.09
Asia,Brunei,Beverages,Offline,C,8/28/2014,943429541,9/25/2014,2365,46.94,31.46,111013.1,74402.9,36610.2
Middle East and North Africa,Yemen,Meat,Offline,L,5/15/2013,107882937,5/29/2013,878,431.89,348.4,379199.42,305895.2,73304.22
North America,Canada,Office Supplies,Online,M,11/29/2010,297577827,12/21/2010,6610,673.99,543.63,4455073.9,3593394.3,861679.6
Middle East and North Africa,Yemen,Meat,Online,L,1/14/2010,338585313,2/5/2010,8934,408.75,373.97,3651772.5,3341047.98,310724.52
Middle East and North Africa,UAE,Fruits,Offline,L,1/14/2013,460813810,2/5/2013,3399,9.36,6.56,31814.64,22297.44,9517.2
North America,Canada,Vegetables,Offline,M,2/24/2012,733812657,3/22/2012,4804,157.91,96.37,758599.64,462961.48,295638.16
Sub-Saharan Africa,Madagascar,Office Supplies,Online,M,8/6/2017,838888874,8/23/2017,4078,691.88,494.59,2821486.64,2016938.02,804548.62
Asia,Nepal,Cereal,Offline,M,8/18/2016,607557545,9/13/2016,6544,217.36,111.1,1422403.84,727038.4,695365.44
Australia and Oceania,Federated States of Micronesia,Meat,Offline,H,4/20/2013,131048967,4/24/2013,7489,439.91,385.54,3294485.99,2887309.06,407176.93
North America,Canada,Clothes,Online,C,8/20/2016,845743601,9/16/2016,6270,103.56,33.64,649321.2,210922.8,438398.4
Europe,Moldova,Fruits,Online,L,7/15/2014,755092939,8/4/2014,3813,8.84,7.27,33706.92,27720.51,5986.41
Sub-Saharan Africa,Madagascar,Cosmetics,Online,M,4/18/2016,145790822,4/26/2016,3730,432.26,263.61,1612329.8,983265.3,629064.5
Middle East and North Africa,Saudi Arabia,Personal Care,Online,C,9/6/2013,875609470,9/16/2013,1289,81.79,54.72,105427.31,70534.08,34893.23
Asia,Brunei,Office Supplies,Online,H,5/10/2010,314458165,5/17/2010,1821,677.7,523.78,1234091.7,953803.38,280288.32
Sub-Saharan Africa,Comoros,Vegetables,Online,H,1/21/2015,190906823,2/2/2015,6586,162.32,97.01,1069039.52,638907.86,430131.66
Central America and the Caribbean,Haiti,Clothes,Offline,L,11/28/2017,806864676,12/2/2017,3115,115.34,34.12,359284.1,106283.8,253000.3
Europe,Moldova,Clothes,Offline,H,1/6/2013,543104472,2/5/2013,7384,115.06,37.96,849603.04,280296.64,569306.4
North America,Canada,Beverages,Online,L,5/27/2017,608900714,5/30/2017,4862,48.5,33.73,235807.0,163995.26,71811.74
Asia,Nepal,Baby Food,Online,C,1/6/2010,646572439,1/17/2010,4214,262.79,149.59,1107397.06,630372.26,477024.8
Sub-Saharan Africa,Niger,Meat,Online,H,7/29/2011,253019165,8/21/2011,1273,418.5,346.32,532750.5,440865.36,91885.14
Sub-Saharan Africa,South Sudan,Beverages,Offline,M,11/28/2011,963420910,12/28/2011,6423,45.29,33.53,290897.67,215363.19,75534.48
Central America and the Caribbean,Trinidad and Tobago,Fruits,Online,H,7/13/2014,345853577,7/22/2014,3079,8.95,7.23,27557.05,22261.17,5295.88
Australia and Oceania,Federated States of Micronesia,Snacks,Online,L,6/16/2013,138608984,7/15/2013,7152,148.98,101.41,1065504.96,725284.32,340220.64
Middle East and North Africa,Iraq,Household,Online,L,3/20/2012,307979909,4/14/2012,810,687.46,475.09,556842.6,384822.9,172019.7
Sub-Saharan Africa,Ethiopia,Baby Food,Offline,L,5/28/2012,935012992,6/25/2012,3230,270.22,163.48,872810.6,528040.4,344770.2
Europe,Poland,Fruits,Online,H,9/20/2010,693259421,10/16/2010,989,9.81,6.48,9702.09,6408.72,3293.37
Central America and the Caribbean,Panama,Fruits,Online,L,4/27/2015,300212997,5/10/2015,2068,9.92,7.23,20514.56,14951.64,5562.92
Sub-Saharan Africa,Gabon,Personal Care,Online,H,7/31/2014,318184287,8/15/2014,1503,80.04,53.83,120300.12,80906.49,39393.63
Sub-Saharan Africa,Angola,Cereal,Online,C,10/29/2014,303409145,11/5/2014,3851,197.54,114.26,760726.54,440015.26,320711.28
North America,United States,Meat,Offline,C,1/7/2011,500003949,1/25/2011,8346,442.11,383.37,3689850.06,3199606.02,490244.04
Asia,Cambodia,Beverages,Online,L,9/12/2017,865446908,9/17/2017,8775,48.23,31.62,423218.25,277465.5,145752.75
Central America and the Caribbean,Belize,Household,Online,M,2/25/2015,758221816,3/27/2015,9392,629.52,502.7,5912451.84,4721358.4,1191093.44
North America,Canada,Personal Care,Online,H,1/25/2016,957396658,2/1/2016,5971,84.55,57.32,504848.05,342257.72,162590.33
Middle East and North Africa,Israel,Baby Food,Offline,C,4/10/2016,255953522,4/22/2016,3819,255.3,154.66,974990.7,590646.54,384344.16
North America,United States,Vegetables,Online,H,9/26/2014,705813317,9/30/2014,5775,159.42,93.18,920650.5,538114.5,382536.0
Australia and Oceania,Papua New Guinea,Vegetables,Online,C,10/17/2010,849811786,10/24/2010,5622,153.86,93.89,865000.92,527849.58,337151.34
Europe,Serbia,Baby Food,Online,C,11/12/2015,622954338,12/8/2015,5981,238.31,154.2,1425332.11,922270.2,503061.91
Sub-Saharan Africa,Angola,Clothes,Online,M,2/10/2016,220748280,3/8/2016,1850,111.39,33.64,206071.5,62234.0,143837.5
Europe,Monaco,Clothes,Online,M,10/13/2015,370907704,10/27/2015,7810,110.09,34.37,859802.9,268429.7,591373.2
Sub-Saharan Africa,Sierra Leone,Office Supplies,Offline,C,4/24/2014,692946521,5/18/2014,7439,640.08,502.77,4761555.12,3740106.03,1021449.09
Australia and Oceania,Australia,Meat,Online,C,10/1/2017,960741756,10/6/2017,1303,439.69,381.09,572916.07,496560.27,76355.8
Australia and Oceania,Solomon Islands,Vegetables,Offline,C,10/18/2010,935527162,11/13/2010,8443,158.35,87.88,1336949.05,741970.84,594978.21
Sub-Saharan Africa,Benin,Fruits,Online,C,8/4/2011,899101885,8/28/2011,8875,9.89,6.67,87773.75,59196.25,28577.5
Australia and Oceania,Tuvalu,Household,Offline,H,9/17/2011,739600004,10/8/2011,7171,685.0,488.27,4912135.0,3501384.17,1410750.83
Middle East and North Africa,Pakistan,Snacks,Offline,L,3/24/2011,698354071,4/19/2011,3138,141.99,98.78,445564.62,309971.64,135592.98
Australia and Oceania,Tuvalu,Fruits,Offline,C,4/3/2017,713546503,4/8/2017,4483,9.41,7.05,42185.03,31605.15,10579.88
Middle East and North Africa,Tunisia,Fruits,Online,H,9/7/2012,947597586,9/29/2012,1286,9.87,7.09,12692.82,9117.74,3575.08
Australia and Oceania,New Zealand,Cereal,Offline,L,12/19/2017,908184013,1/1/2018,9627,200.18,118.41,1927132.86,1139933.07,787199.79
Sub-Saharan Africa,Nigeria,Vegetables,Offline,L,12/8/2014,756269683,12/18/2014,5682,147.28,88.07,836844.96,500413.74,336431.22
North America,Canada,Beverages,Online,M,12/9/2017,507236792,1/5/2018,9509,50.28,32.4,478112.52,308091.6,170020.92
Sub-Saharan Africa,Angola,Cosmetics,Online,H,12/17/2012,610008392,12/27/2012,4011,413.86,276.83,1659992.46,1110365.13,549627.33
Europe,Denmark,Household,Online,H,11/17/2013,162582835,12/8/2013,6321,704.92,471.53,4455799.32,2980541.13,1475258.19
Sub-Saharan Africa,Guinea,Office Supplies,Offline,M,5/23/2016,153404454,5/26/2016,9548,654.26,519.52,6246874.48,4960376.96,1286497.52
Central America and the Caribbean,Guatemala,Household,Online,C,7/10/2011,460020404,8/6/2011,9637,623.66,532.94,6010211.42,5135942.78,874268.64
Sub-Saharan Africa,Comoros,Clothes,Online,H,6/12/2014,720708619,6/25/2014,2124,116.05,34.83,246490.2,73978.92,172511.28
Europe,Malta,Household,Online,H,1/12/2012,317494172,2/3/2012,1039,667.74,473.38,693781.86,491841.82,201940.04
Middle East and North Africa,UAE,Meat,Offline,M,4/19/2012,539616405,5/15/2012,5698,409.01,347.49,2330538.98,1979998.02,350540.96
North America,United States,Office Supplies,Online,H,8/5/2016,223499462,8/28/2016,6246,630.06,523.46,3935354.76,3269531.16,665823.6
Australia and Oceania,Vanuatu,Baby Food,Online,M,12/14/2011,535730346,12/24/2011,5594,238.58,154.55,1334616.52,864552.7,470063.82
Central America and the Caribbean,Dominican Republic,Cosmetics,Offline,C,9/17/2014,752620625,9/24/2014,7436,406.68,261.88,3024072.48,1947339.68,1076732.8
Middle East and North Africa,Bahrain,Cosmetics,Online,M,8/12/2016,618027822,9/4/2016,3775,414.77,251.19,1565756.75,948242.25,617514.5
Central America and the Caribbean,Nicaragua,Personal Care,Offline,C,3/23/2017,650635825,3/28/2017,7017,77.63,58.64,544729.71,411476.88,133252.83
Australia and Oceania,Australia,Clothes,Online,H,6/4/2017,960841167,6/23/2017,8012,107.88,35.36,864334.56,283304.32,581030.24
Asia,Sri Lanka,Cereal,Online,L,2/7/2011,374805368,2/24/2011,4915,197.13,111.22,968893.95,546646.3,422247.65
North America,Mexico,Office Supplies,Offline,H,4/17/2017,889304049,5/15/2017,8982,622.15,526.62,5588151.3,4730100.84,858050.46
Middle East and North Africa,Syria,Cosmetics,Online,M,3/24/2014,782286582,4/2/2014,4957,465.75,263.36,2308722.75,1305475.52,1003247.23
Europe,Norway,Clothes,Offline,M,3/14/2014,898351883,4/7/2014,7398,105.25,34.15,778639.5,252641.7,525997.8
Asia,Myanmar,Personal Care,Offline,M,10/12/2011,352088421,11/10/2011,4500,78.03,55.54,351135.0,249930.0,101205.0
Asia,Mongolia,Cereal,Online,C,3/5/2010,513107642,4/4/2010,5509,203.86,115.33,1123064.74,635352.97,487711.77
North America,Canada,Vegetables,Online,M,3/23/2015,307371876,4/1/2015,3154,144.97,88.47,457235.38,279034.38,178201.0
Asia,Thailand,Cereal,Offline,M,7/30/2014,208861498,8/25/2014,694,216.3,113.99,150112.2,79109.06,71003.14
Europe,San Marino,Clothes,Offline,H,3/17/2011,377411735,4/15/2011,8690,102.24,38.26,888465.6,332479.4,555986.2
Asia,Indonesia,Baby Food,Online,M,6/27/2012,899237535,7/6/2012,6199,249.95,166.42,1549440.05,1031637.58,517802.47
Australia and Oceania,Kiribati,Meat,Offline,H,12/3/2010,657314106,12/26/2010,3697,399.68,365.01,1477616.96,1349441.97,128174.99
Australia and Oceania,Papua New Guinea,Fruits,Offline,H,7/23/2013,735346581,8/18/2013,4897,8.82,6.48,43191.54,31732.56,11458.98
Middle East and North Africa,Egypt,Office Supplies,Offline,L,1/12/2017,203926967,1/19/2017,4454,682.68,548.96,3040656.72,2445067.84,595588.88
Europe,Belgium,Cereal,Online,L,12/14/2010,281007672,1/10/2011,4660,207.23,118.92,965691.8,554167.2,411524.6
Australia and Oceania,Vanuatu,Meat,Online,M,4/30/2014,386471738,5/23/2014,2524,404.92,358.08,1022018.08,903793.92,118224.16
Middle East and North Africa,Iran,Office Supplies,Offline,L,10/17/2013,599889636,10/27/2013,1695,630.23,531.77,1068239.85,901350.15,166889.7
Australia and Oceania,Papua New Guinea,Cereal,Online,M,9/20/2015,325969218,10/17/2015,1220,214.36,117.07,261519.2,142825.4,118693.8
Central America and the Caribbean,Guatemala,Beverages,Offline,C,5/24/2013,366070906,6/8/2013,5660,44.77,31.8,253398.2,179988.0,73410.2
Sub-Saharan Africa,Guinea,Baby Food,Online,M,7/16/2017,105878190,8/14/2017,1010,270.35,155.65,273053.5,157206.5,115847.0
Australia and Oceania,Federated States of Micronesia,Baby Food,Online,C,9/3/2013,164825063,9/23/2013,8076,241.52,152.86,1950515.52,1234497.36,716018.16
Australia and Oceania,Kiribati,Beverages,Offline,L,4/16/2014,347145553,5/1/2014,1388,44.95,31.64,62390.6,43916.32,18474.28
Australia and Oceania,Solomon Islands,Beverages,Offline,M,10/11/2013,702997299,10/21/2013,3310,48.97,30.47,162090.7,100855.7,61235.0
Australia and Oceania,Australia,Personal Care,Offline,H,4/16/2010,793378363,5/2/2010,2482,83.92,54.29,208289.44,134747.78,73541.66
Australia and Oceania,Australia,Snacks,Online,C,5/4/2016,280725181,5/29/2016,8625,155.31,100.72,1339548.75,868710.0,470838.75
Central America and the Caribbean,Dominican Republic,Clothes,Online,H,1/14/2017,491723062,1/19/2017,5431,110.7,34.42,601211.7,186935.02,414276.68
Central America and the Caribbean,Jamaica,Fruits,Online,M,9/10/2017,507870184,9/24/2017,6889,9.55,6.96,65789.95,47947.44,17842.51
Asia,India,Meat,Online,L,6/8/2012,402185653,7/7/2012,7204,445.47,363.29,3209165.88,2617141.16,592024.72
Asia,Malaysia,Beverages,Online,L,2/11/2010,928689665,2/17/2010,6497,47.14,31.64,306268.58,205565.08,100703.5
North America,Mexico,Beverages,Online,M,9/30/2011,359887688,10/16/2011,9911,48.69,32.91,482566.59,326171.01,156395.58
Sub-Saharan Africa,Gabon,Office Supplies,Offline,M,6/21/2014,805361689,6/28/2014,9582,656.42,509.51,6289816.44,4882124.82,1407691.62
Central America and the Caribbean,Dominican Republic,Snacks,Offline,L,8/21/2010,296062369,9/8/2010,8318,144.06,94.33,1198291.08,784636.94,413654.14
Central America and the Caribbean,Cuba,Cereal,Offline,M,7/22/2014,460315689,8/13/2014,8813,208.57,117.37,1838127.41,1034381.81,803745.6
Asia,Kyrgyzstan,Fruits,Offline,L,5/27/2017,692217531,6/1/2017,6873,8.86,6.91,60894.78,47492.43,13402.35
Asia,Indonesia,Clothes,Online,M,4/9/2016,404673203,5/1/2016,9988,110.76,35.92,1106270.88,358768.96,747501.92
Sub-Saharan Africa,Guinea,Office Supplies,Offline,L,3/12/2013,474802803,3/18/2013,7279,653.27,502.51,4755152.33,3657770.29,1097382.04
Sub-Saharan Africa,Kenya,Fruits,Offline,C,12/28/2016,423905478,1/20/2017,4384,9.21,6.75,40376.64,29592.0,10784.64
Europe,Serbia,Fruits,Offline,H,8/19/2013,685558770,9/9/2013,7317,8.77,7.36,64170.09,53853.12,10316.97
Asia,Pakistan,Household,Offline,C,9/12/2013,733090827,9/28/2013,9507,629.96,535.63,5989029.72,5092234.41,896795.31
Middle East and North Africa,Syria,Vegetables,Offline,H,4/28/2011,849280072,5/28/2011,7763,143.95,95.76,1117483.85,743384.88,374098.97
Sub-Saharan Africa,Sao Tome and Principe,Clothes,Online,L,2/1/2017,411131064,2/13/2017,5794,115.79,36.29,670887.26,210264.26,460623.0
Sub-Saharan Africa,Sao Tome and Principe,Fruits,Offline,M,10/14/2013,475268175,10/22/2013,5397,9.62,6.46,51919.14,34864.62,17054.52
Central America and the Caribbean,Honduras,Snacks,Offline,M,10/2/2017,851570962,10/15/2017,3408,148.38,93.99,505679.04,320317.92,185361.12
North America,Mexico,Personal Care,Offline,L,6/10/2010,134279202,6/18/2010,1333,80.49,56.2,107293.17,74914.6,32378.57
Australia and Oceania,Samoa,Clothes,Online,L,8/8/2014,972158470,8/14/2014,8467,108.17,34.87,915875.39,295244.29,620631.1
Asia,Cambodia,Household,Offline,M,6/8/2012,428632468,6/24/2012,2349,638.99,478.64,1500987.51,1124325.36,376662.15
North America,Mexico,Personal Care,Online,L,10/17/2010,383351132,11/2/2010,3215,79.08,53.86,254242.2,173159.9,81082.3
Australia and Oceania,Tuvalu,Personal Care,Online,L,11/26/2011,270655479,12/18/2011,3251,81.12,57.31,263721.12,186314.81,77406.31
Central America and the Caribbean,Mexico,Beverages,Offline,M,6/10/2014,831733639,7/8/2014,8808,46.07,30.06,405784.56,264768.48,141016.08
Asia,Pakistan,Personal Care,Online,L,2/16/2017,112492085,3/11/2017,2274,82.61,58.58,187855.14,133210.92,54644.22
Central America and the Caribbean,Guatemala,Personal Care,Offline,H,3/5/2013,409783721,3/9/2013,5989,76.95,54.78,460853.55,328077.42,132776.13
Europe,Iceland,Clothes,Offline,M,7/1/2010,892768910,7/28/2010,783,112.42,33.7,88024.86,26387.1,61637.76
Sub-Saharan Africa,Democratic Republic of the Congo,Beverages,Online,M,12/10/2015,200649322,1/7/2016,9683,49.19,32.82,476306.77,317796.06,158510.71
Europe,Monaco,Fruits,Offline,M,6/3/2014,825297324,6/14/2014,5339,8.9,7.0,47517.1,37373.0,10144.1
Central America and the Caribbean,Panama,Household,Offline,M,6/3/2014,720674137,6/26/2014,3512,640.7,479.33,2250138.4,1683406.96,566731.44
Middle East and North Africa,Saudi Arabia,Household,Online,M,12/9/2013,867142636,1/2/2014,6807,643.29,510.75,4378875.03,3476675.25,902199.78
Central America and the Caribbean,Haiti,Clothes,Online,C,2/20/2010,442940691,3/7/2010,5205,116.84,35.41,608152.2,184309.05,423843.15
Australia and Oceania,New Zealand,Meat,Online,C,1/6/2013,444813449,2/5/2013,5360,421.78,364.34,2260740.8,1952862.4,307878.4
Europe,Lithuania,Cosmetics,Offline,H,12/18/2014,889395082,12/28/2014,8181,446.91,263.11,3656170.71,2152502.91,1503667.8
Sub-Saharan Africa,South Sudan,Cereal,Online,M,10/28/2011,671197136,11/24/2011,8035,191.61,111.7,1539586.35,897509.5,642076.85
Central America and the Caribbean,Belize,Fruits,Online,H,4/11/2014,482401430,4/22/2014,9882,9.17,7.34,90617.94,72533.88,18084.06
Australia and Oceania,Australia,Household,Offline,L,2/14/2011,519471513,2/26/2011,9475,685.37,480.67,6493880.75,4554348.25,1939532.5
Australia and Oceania,Kiribati,Baby Food,Online,C,5/3/2012,767745809,5/18/2012,2592,247.64,156.66,641882.88,406062.72,235820.16
Europe,Portugal,Snacks,Online,M,12/5/2013,727437758,12/19/2013,5137,151.84,100.61,780002.08,516833.57,263168.51
North America,United States,Snacks,Offline,L,2/16/2015,729037946,2/23/2015,6454,159.51,96.64,1029477.54,623714.56,405762.98
North America,Canada,Personal Care,Offline,M,2/15/2017,844589769,3/11/2017,1771,82.73,57.04,146514.83,101017.84,45496.99
North America,United States,Personal Care,Offline,L,11/5/2017,574580345,11/26/2017,1537,78.36,55.73,120439.32,85657.01,34782.31
Europe,Slovenia,Fruits,Offline,L,10/19/2015,929885071,11/9/2015,3749,8.94,6.96,33516.06,26093.04,7423.02
Australia and Oceania,Samoa,Personal Care,Online,M,12/15/2017,383930703,12/25/2017,2189,85.76,55.95,187728.64,122474.55,65254.09
North America,Canada,Household,Online,L,5/15/2016,357948134,5/19/2016,4008,692.97,521.79,2777423.76,2091334.32,686089.44
Australia and Oceania,Vanuatu,Meat,Offline,H,9/24/2013,263235815,10/7/2013,1410,400.23,365.34,564324.3,515129.4,49194.9
Asia,Kazakhstan,Cosmetics,Online,L,9/18/2013,529545220,10/4/2013,8874,447.28,254.53,3969162.72,2258699.22,1710463.5
Middle East and North Africa,Oman,Clothes,Online,C,7/18/2017,768871733,8/13/2017,5540,104.13,36.16,576880.2,200326.4,376553.8
Australia and Oceania,East Timor,Personal Care,Offline,C,9/26/2011,333906737,10/5/2011,9705,86.47,57.69,839191.35,559881.45,279309.9
North America,Canada,Cosmetics,Offline,H,2/25/2015,539895537,3/19/2015,9356,456.24,253.0,4268581.44,2367068.0,1901513.44
Europe,Romania,Snacks,Offline,H,9/27/2016,467187933,10/26/2016,8284,155.24,100.39,1286008.16,831630.76,454377.4
Europe,Luxembourg,Personal Care,Online,M,1/7/2011,997370573,1/23/2011,5604,85.82,56.23,480935.28,315112.92,165822.36
North America,Canada,Household,Online,M,9/15/2011,983476603,9/25/2011,2237,709.43,513.81,1586994.91,1149392.97,437601.94
Sub-Saharan Africa,Republic of the Congo,Baby Food,Offline,M,9/30/2015,124251792,10/12/2015,4035,249.49,160.49,1006692.15,647577.15,359115.0
Sub-Saharan Africa,Madagascar,Fruits,Online,M,12/27/2013,433621962,1/1/2014,8371,9.96,6.81,83375.16,57006.51,26368.65
Australia and Oceania,East Timor,Personal Care,Online,C,12/13/2011,163475445,1/1/2012,2251,85.92,54.11,193405.92,121801.61,71604.31
Middle East and North Africa,Qatar,Fruits,Offline,H,7/30/2013,603752728,8/16/2013,111,8.72,6.63,967.92,735.93,231.99
Sub-Saharan Africa,Togo,Clothes,Offline,H,11/25/2011,877563698,12/8/2011,6586,107.94,36.7,710892.84,241706.2,469186.64
Middle East and North Africa,Iraq,Snacks,Offline,M,3/14/2013,406849904,4/1/2013,4088,158.55,102.09,648152.4,417343.92,230808.48
Middle East and North Africa,Yemen,Clothes,Online,M,12/26/2013,743677735,1/5/2014,4256,116.16,37.5,494376.96,159600.0,334776.96
North America,Canada,Meat,Offline,L,2/3/2016,244990329,2/27/2016,428,425.42,388.69,182079.76,166359.32,15720.44
Central America and the Caribbean,Nicaragua,Office Supplies,Offline,H,5/7/2011,477212354,5/21/2011,2636,637.0,507.04,1679132.0,1336557.44,342574.56
North America,Canada,Vegetables,Offline,H,6/4/2010,291533510,6/15/2010,3460,146.64,94.46,507374.4,326831.6,180542.8
Asia,Bangladesh,Fruits,Offline,H,3/5/2011,246398518,3/23/2011,1061,8.97,6.64,9517.17,7045.04,2472.13
Middle East and North Africa,Bahrain,Meat,Offline,L,12/6/2017,958208479,12/31/2017,2514,428.2,359.21,1076494.8,903053.94,173440.86
Central America and the Caribbean,Belize,Personal Care,Offline,M,7/4/2010,949774557,7/30/2010,8387,76.06,54.11,637915.22,453820.57,184094.65
Australia and Oceania,Tuvalu,Cereal,Online,L,7/9/2013,748781671,7/24/2013,5538,201.14,118.99,1113913.32,658966.62,454946.7
Asia,Indonesia,Beverages,Online,M,7/31/2015,833477863,8/11/2015,2056,44.42,33.29,91327.52,68444.24,22883.28
Europe,Italy,Beverages,Offline,C,8/31/2010,966342114,9/21/2010,7922,44.66,30.32,353796.52,240195.04,113601.48
Middle East and North Africa,Lebanon,Cosmetics,Online,H,10/8/2011,914492394,10/25/2011,9924,462.66,273.35,4591437.84,2712725.4,1878712.44
Middle East and North Africa,Morocco,Household,Offline,M,11/24/2013,253218010,11/27/2013,3069,711.52,536.29,2183654.88,1645874.01,537780.87
Asia,China,Cereal,Online,H,7/28/2013,484548216,8/3/2013,2746,193.08,118.55,530197.68,325538.3,204659.38
Central America and the Caribbean,Cuba,Meat,Online,C,4/3/2017,570341010,4/15/2017,2155,447.72,373.3,964836.6,804461.5,160375.1
Australia and Oceania,Kiribati,Vegetables,Offline,H,5/1/2015,104233663,5/25/2015,7450,144.04,95.52,1073098.0,711624.0,361474.0
Europe,Latvia,Personal Care,Offline,M,1/28/2011,880037696,2/15/2011,6788,78.09,54.78,530074.92,371846.64,158228.28
Central America and the Caribbean,Haiti,Fruits,Offline,M,4/27/2011,289492190,5/8/2011,931,9.84,7.06,9161.04,6572.86,2588.18
Australia and Oceania,Fiji,Clothes,Online,L,2/11/2014,510148845,3/6/2014,4626,109.59,34.87,506963.34,161308.62,345654.72
Sub-Saharan Africa,Cote d'Ivoire,Baby Food,Offline,H,3/20/2011,818157415,4/15/2011,4530,255.56,158.45,1157686.8,717778.5,439908.3
Middle East and North Africa,Yemen,Office Supplies,Offline,L,8/10/2016,363054048,8/13/2016,8959,606.11,512.54,5430139.49,4591845.86,838293.63
Middle East and North Africa,Israel,Cereal,Online,C,11/1/2016,170462352,11/20/2016,8863,195.94,108.94,1736616.22,965535.22,771081.0
North America,Mexico,Personal Care,Offline,H,12/17/2013,797434009,12/27/2013,2909,77.13,59.72,224371.17,173725.48,50645.69
Australia and Oceania,Fiji,Meat,Online,C,12/2/2015,992577982,12/11/2015,5438,422.38,343.64,2296902.44,1868714.32,428188.12
Australia and Oceania,Australia,Baby Food,Online,C,8/24/2016,176639505,8/31/2016,2470,242.35,149.02,598604.5,368079.4,230525.1
Asia,Sri Lanka,Fruits,Online,C,2/21/2016,203233357,3/4/2016,7488,8.96,6.77,67092.48,50693.76,16398.72
Central America and the Caribbean,Nicaragua,Beverages,Online,L,1/7/2011,371430551,1/12/2011,8478,47.65,31.22,403976.7,264683.16,139293.54
Europe,San Marino,Office Supplies,Offline,L,7/27/2010,922286292,8/17/2010,3202,668.81,541.32,2141529.62,1733306.64,408222.98
Central America and the Caribbean,Grenada,Vegetables,Online,C,1/25/2013,169485514,2/12/2013,9666,152.55,96.61,1474548.3,933832.26,540716.04
Europe,Estonia,Beverages,Offline,L,10/4/2014,461986069,10/8/2014,4305,49.54,29.99,213269.7,129106.95,84162.75
Australia and Oceania,Fiji,Vegetables,Offline,M,10/26/2011,183930740,11/12/2011,5011,156.7,87.23,785223.7,437109.53,348114.17
Australia and Oceania,Fiji,Beverages,Offline,M,7/19/2013,881632623,8/3/2013,9471,44.8,33.42,424300.8,316520.82,107779.98
Australia and Oceania,Vanuatu,Household,Offline,L,11/20/2011,191862444,11/29/2011,3594,688.34,491.12,2473893.96,1765085.28,708808.68
Asia,Malaysia,Vegetables,Online,H,6/3/2017,214679519,6/19/2017,3354,145.2,86.36,487000.8,289651.44,197349.36
Sub-Saharan Africa,Senegal,Meat,Offline,L,7/6/2017,472311177,7/17/2017,516,428.13,343.42,220915.08,177204.72,43710.36
Australia and Oceania,Solomon Islands,Clothes,Offline,L,8/31/2017,827807675,9/18/2017,1074,107.98,33.39,115970.52,35860.86,80109.66
Central America and the Caribbean,Haiti,Clothes,Online,H,3/10/2011,917603087,3/29/2011,6609,109.45,35.03,723355.05,231513.27,491841.78
Central America and the Caribbean,Trinidad and Tobago,Office Supplies,Offline,C,4/10/2012,967016276,4/26/2012,1124,644.79,530.6,724743.96,596394.4,128349.56
Sub-Saharan Africa,Cote d'Ivoire,Cereal,Online,L,8/6/2016,401888453,8/29/2016,5077,207.24,123.19,1052157.48,625435.63,426721.85
Central America and the Caribbean,Guatemala,Meat,Online,L,11/11/2012,474549425,11/15/2012,2296,404.6,363.43,928961.6,834435.28,94526.32
Central America and the Caribbean,Haiti,Clothes,Offline,M,11/27/2016,222898015,12/25/2016,9767,116.29,36.35,1135804.43,355030.45,780773.98
Middle East and North Africa,Algeria,Beverages,Online,H,1/13/2013,864732595,1/26/2013,6644,46.12,30.15,306421.28,200316.6,106104.68
Sub-Saharan Africa,Togo,Snacks,Offline,C,5/31/2016,277123597,6/10/2016,3753,159.67,100.91,599241.51,378715.23,220526.28
Asia,South Korea,Beverages,Offline,H,5/29/2012,903403208,6/21/2012,7202,47.98,30.86,345551.96,222253.72,123298.24
Australia and Oceania,Solomon Islands,Vegetables,Offline,M,5/1/2014,267146904,5/23/2014,6260,153.61,88.42,961598.6,553509.2,408089.4
Sub-Saharan Africa,Comoros,Clothes,Offline,M,4/1/2012,373324399,5/1/2012,4772,115.03,34.82,548923.16,166161.04,382762.12
Asia,Indonesia,Beverages,Online,C,4/18/2011,960217532,4/22/2011,9673,47.7,32.76,461402.1,316887.48,144514.62
Sub-Saharan Africa,Sierra Leone,Clothes,Online,L,4/29/2012,431210482,5/23/2012,8859,106.4,35.79,942597.6,317063.61,625533.99
Asia,Vietnam,Cosmetics,Offline,C,5/23/2017,821198973,6/1/2017,6588,422.17,268.71,2781255.96,1770261.48,1010994.48
Sub-Saharan Africa,Cape Verde,Beverages,Online,M,12/30/2010,286286214,1/8/2011,5689,50.73,31.75,288602.97,180625.75,107977.22
Sub-Saharan Africa,Mauritania,Cereal,Online,M,7/12/2016,471392541,8/2/2016,5591,214.17,115.8,1197424.47,647437.8,549986.67
Middle East and North Africa,Libya,Snacks,Offline,H,7/16/2014,923266693,7/24/2014,7238,143.54,101.92,1038942.52,737696.96,301245.56
Middle East and North Africa,Qatar,Household,Offline,H,2/11/2011,866753122,2/16/2011,8789,625.03,492.1,5493388.67,4325066.9,1168321.77
Sub-Saharan Africa,Sierra Leone,Clothes,Online,C,6/2/2015,192657549,6/24/2015,7626,104.62,37.8,797832.12,288262.8,509569.32
Europe,United Kingdom,Clothes,Offline,H,6/8/2014,427828245,6/20/2014,4299,106.32,36.69,457069.68,157730.31,299339.37
Middle East and North Africa,Jordan,Snacks,Offline,C,9/25/2014,332091061,10/18/2014,3951,162.88,90.71,643538.88,358395.21,285143.67
Middle East and North Africa,Egypt,Meat,Online,C,9/5/2014,498547086,9/8/2014,1682,419.71,344.73,705952.22,579835.86,126116.36
Asia,Vietnam,Meat,Offline,M,10/4/2014,827884344,10/27/2014,683,428.11,357.93,292399.13,244466.19,47932.94
Central America and the Caribbean,Grenada,Baby Food,Online,M,8/6/2011,329952561,8/26/2011,228,253.79,167.49,57864.12,38187.72,19676.4
Sub-Saharan Africa,Kenya,Baby Food,Offline,L,9/21/2014,963175692,10/11/2014,5830,260.51,151.72,1518773.3,884527.6,634245.7
North America,United States,Cereal,Online,H,3/9/2017,739741302,4/7/2017,5606,214.96,119.81,1205065.76,671654.86,533410.9
North America,Canada,Snacks,Offline,L,11/13/2014,914258636,11/26/2014,8972,148.11,98.06,1328842.92,879794.32,449048.6
Sub-Saharan Africa,Kenya,Office Supplies,Offline,M,7/3/2013,596281707,7/24/2013,7621,610.82,523.67,4655059.22,3990889.07,664170.15
North America,Mexico,Fruits,Online,M,3/21/2016,627330915,3/26/2016,2004,9.26,6.57,18557.04,13166.28,5390.76
Middle East and North Africa,Israel,Baby Food,Offline,C,12/30/2012,774673666,1/18/2013,771,270.11,157.44,208254.81,121386.24,86868.57
Central America and the Caribbean,Nicaragua,Meat,Offline,L,2/27/2015,388247965,3/17/2015,8562,419.94,348.67,3595526.28,2985312.54,610213.74
Central America and the Caribbean,Costa Rica,Meat,Offline,H,12/31/2013,148988733,1/18/2014,9089,450.4,369.37,4093685.6,3357203.93,736481.67
Asia,Laos,Beverages,Offline,M,4/28/2016,436589694,5/25/2016,6982,45.23,29.84,315795.86,208342.88,107452.98
Europe,Iceland,Household,Offline,H,10/15/2016,955195787,11/11/2016,5051,641.69,523.29,3241176.19,2643137.79,598038.4
Sub-Saharan Africa,Zambia,Beverages,Online,H,3/4/2013,854034669,3/15/2013,1583,45.34,33.16,71773.22,52492.28,19280.94
Australia and Oceania,Papua New Guinea,Baby Food,Online,L,2/20/2016,999689157,2/29/2016,3199,259.63,163.13,830556.37,521852.87,308703.5
Sub-Saharan Africa,Ghana,Office Supplies,Online,C,4/15/2015,637318785,4/21/2015,1514,658.37,535.98,996772.18,811473.72,185298.46
Middle East and North Africa,Iraq,Clothes,Online,C,10/15/2010,705779159,11/7/2010,8429,104.12,35.8,877627.48,301758.2,575869.28
Australia and Oceania,Solomon Islands,Meat,Offline,L,5/29/2013,781699262,6/4/2013,483,429.99,343.17,207685.17,165751.11,41934.06
Sub-Saharan Africa,South Africa,Clothes,Online,M,3/12/2015,121690406,4/9/2015,8935,110.84,35.45,990355.4,316745.75,673609.65
Middle East and North Africa,Iraq,Fruits,Online,C,5/28/2012,600160072,5/31/2012,209,9.67,6.55,2021.03,1368.95,652.08
Europe,United Kingdom,Cereal,Online,M,7/3/2016,822619838,7/25/2016,460,209.15,109.01,96209.0,50144.6,46064.4
Middle East and North Africa,Lebanon,Meat,Online,C,10/12/2016,776926562,10/22/2016,225,406.03,357.35,91356.75,80403.75,10953.0
Europe,Sweden,Clothes,Offline,M,1/27/2010,499333464,2/2/2010,9528,112.4,35.49,1070947.2,338148.72,732798.48
Central America and the Caribbean,Trinidad and Tobago,Cereal,Offline,H,3/10/2013,297075133,4/3/2013,5018,194.19,122.5,974445.42,614705.0,359740.42
Middle East and North Africa,Kuwait,Personal Care,Online,L,11/13/2016,243790014,11/18/2016,8388,82.06,58.88,688319.28,493885.44,194433.84
Europe,Romania,Snacks,Online,M,3/30/2010,203557626,4/15/2010,2162,147.45,102.74,318786.9,222123.88,96663.02
Sub-Saharan Africa,Democratic Republic of the Congo,Cereal,Offline,M,5/1/2013,336709193,5/6/2013,5197,192.26,123.5,999175.22,641829.5,357345.72
Asia,South Korea,Cosmetics,Online,H,3/26/2013,113018569,4/16/2013,6701,463.46,255.32,3105645.46,1710899.32,1394746.14
North America,Mexico,Vegetables,Online,H,4/24/2013,616382030,5/14/2013,6676,156.63,91.29,1045661.88,609452.04,436209.84
North America,Canada,Meat,Online,H,8/11/2017,393250388,8/23/2017,5805,396.15,349.96,2299650.75,2031517.8,268132.95
Middle East and North Africa,Iraq,Meat,Offline,L,8/1/2011,291454940,8/21/2011,3708,431.12,364.58,1598592.96,1351862.64,246730.32
North America,Canada,Vegetables,Offline,L,12/7/2013,191484992,12/16/2013,5973,160.87,95.62,960876.51,571138.26,389738.25
Sub-Saharan Africa,Niger,Beverages,Offline,L,12/19/2012,384308721,1/5/2013,2248,44.93,30.38,101002.64,68294.24,32708.4
Middle East and North Africa,Tunisia,Vegetables,Online,L,1/19/2013,613759729,2/12/2013,9237,156.14,95.45,1442265.18,881671.65,560593.53
Middle East and North Africa,Saudi Arabia,Beverages,Online,C,9/11/2013,673967343,9/27/2013,1210,49.51,29.68,59907.1,35912.8,23994.3
Australia and Oceania,Federated States of Micronesia,Household,Online,H,2/21/2010,938286157,3/2/2010,1698,679.73,478.06,1154181.54,811745.88,342435.66
Central America and the Caribbean,Haiti,Vegetables,Online,H,10/24/2016,785285406,11/19/2016,4963,156.49,96.59,776659.87,479376.17,297283.7
Sub-Saharan Africa,Republic of the Congo,Vegetables,Online,H,11/3/2015,291195209,11/22/2015,9005,155.51,88.35,1400367.55,795591.75,604775.8
Asia,Cambodia,Vegetables,Offline,H,2/19/2013,639934048,3/15/2013,6937,159.01,87.5,1103052.37,606987.5,496064.87
Europe,Estonia,Personal Care,Offline,M,1/10/2014,850285190,1/30/2014,2155,85.09,56.82,183368.95,122447.1,60921.85
Europe,Estonia,Fruits,Offline,M,2/4/2014,884241516,2/13/2014,9013,9.84,7.36,88687.92,66335.68,22352.24
Europe,Moldova,Snacks,Online,C,12/21/2011,670334895,1/12/2012,6633,146.08,92.93,968948.64,616404.69,352543.95
Sub-Saharan Africa,Uganda,Fruits,Offline,M,7/4/2012,272474882,7/16/2012,6155,9.7,6.85,59703.5,42161.75,17541.75
Europe,Slovakia,Personal Care,Online,L,6/3/2011,589090031,6/6/2011,3668,78.97,59.16,289661.96,216998.88,72663.08
Central America and the Caribbean,Cuba,Snacks,Offline,M,12/19/2015,161096289,12/25/2015,6512,142.3,93.57,926657.6,609327.84,317329.76
North America,Canada,Clothes,Online,M,3/18/2011,774259500,4/15/2011,6584,113.23,35.3,745506.32,232415.2,513091.12
Sub-Saharan Africa,South Africa,Cereal,Online,M,1/27/2015,883418239,2/24/2015,1207,193.58,122.03,233651.06,147290.21,86360.85
Sub-Saharan Africa,Burkina Faso,Fruits,Online,H,11/26/2011,246708834,12/25/2011,9884,9.43,7.27,93206.12,71856.68,21349.44
North America,Mexico,Fruits,Online,H,11/1/2016,310296231,11/23/2016,8954,8.99,7.03,80496.46,62946.62,17549.84
Australia and Oceania,Samoa,Baby Food,Offline,H,12/5/2012,303634465,12/20/2012,8828,260.93,161.25,2303490.04,1423515.0,879975.04
Middle East and North Africa,Algeria,Beverages,Offline,H,4/29/2013,712971302,5/14/2013,2981,50.6,32.91,150838.6,98104.71,52733.89
Central America and the Caribbean,Costa Rica,Fruits,Online,C,5/4/2017,148264194,5/19/2017,1818,9.48,7.24,17234.64,13162.32,4072.32
Europe,Italy,Fruits,Online,L,5/21/2011,455857291,6/8/2011,9497,9.07,6.88,86137.79,65339.36,20798.43
Middle East and North Africa,Morocco,Beverages,Online,C,12/28/2017,874005379,1/9/2018,8108,44.78,32.36,363076.24,262374.88,100701.36
Middle East and North Africa,Egypt,Baby Food,Offline,H,2/13/2014,410303653,2/24/2014,2785,244.0,153.12,679540.0,426439.2,253100.8
Australia and Oceania,Fiji,Baby Food,Offline,L,5/31/2014,896364258,6/20/2014,6044,263.08,164.31,1590055.52,993089.64,596965.88
Asia,Nepal,Cosmetics,Offline,M,8/27/2015,523034634,9/26/2015,4355,454.54,246.11,1979521.7,1071809.05,907712.65
Sub-Saharan Africa,Mozambique,Beverages,Offline,L,4/11/2013,766993064,4/23/2013,8552,47.66,33.04,407588.32,282558.08,125030.24
North America,Mexico,Personal Care,Online,C,8/12/2011,593815403,9/11/2011,7720,81.43,56.32,628639.6,434790.4,193849.2
Sub-Saharan Africa,Madagascar,Snacks,Online,L,10/7/2011,711923211,10/25/2011,4064,151.34,104.03,615045.76,422777.92,192267.84
Sub-Saharan Africa,Rwanda,Baby Food,Online,L,1/20/2013,478383476,2/15/2013,8935,246.31,156.04,2200779.85,1394217.4,806562.45
Europe,Netherlands,Vegetables,Offline,C,3/7/2017,356555287,4/4/2017,3910,155.13,94.87,606558.3,370941.7,235616.6
Central America and the Caribbean,Costa Rica,Cosmetics,Online,L,2/3/2013,293694595,2/17/2013,1480,431.46,266.74,638560.8,394775.2,243785.6
Central America and the Caribbean,Nicaragua,Fruits,Online,M,6/14/2017,838827001,7/14/2017,5030,8.91,7.22,44817.3,36316.6,8500.7
Middle East and North Africa,Qatar,Personal Care,Online,C,8/24/2012,228333480,9/20/2012,1744,77.38,57.65,134950.72,100541.6,34409.12
North America,United States,Clothes,Offline,C,3/21/2012,857087098,4/1/2012,8601,113.26,34.74,974149.26,298798.74,675350.52
Australia and Oceania,East Timor,Office Supplies,Online,C,5/5/2012,218792123,6/1/2012,9904,677.21,519.21,6707087.84,5142255.84,1564832.0
Central America and the Caribbean,Honduras,Vegetables,Online,L,5/28/2016,530861404,6/13/2016,9180,157.11,88.69,1442269.8,814174.2,628095.6
Asia,Bangladesh,Clothes,Online,C,11/1/2015,663780344,11/27/2015,170,112.03,34.94,19045.1,5939.8,13105.3
Europe,Czech Republic,Baby Food,Offline,H,12/3/2014,878008948,12/27/2014,2979,243.34,150.19,724909.86,447416.01,277493.85
Europe,Moldova,Beverages,Online,H,6/16/2012,595769636,7/10/2012,4940,44.36,31.73,219138.4,156746.2,62392.2
Asia,Mongolia,Meat,Online,H,2/27/2016,666855866,3/21/2016,3756,399.94,364.36,1502174.64,1368536.16,133638.48
Middle East and North Africa,Tunisia,Cosmetics,Online,H,11/4/2012,327367367,11/25/2012,7801,408.31,247.45,3185226.31,1930357.45,1254868.86
Australia and Oceania,Samoa,Personal Care,Online,C,4/15/2010,253947468,4/28/2010,4686,86.43,53.37,405010.98,250091.82,154919.16
Central America and the Caribbean,Belize,Vegetables,Offline,L,9/22/2014,199488233,10/12/2014,9660,158.05,88.03,1526763.0,850369.8,676393.2
Australia and Oceania,East Timor,Household,Online,L,10/1/2017,524356541,10/12/2017,6673,696.56,511.0,4648144.88,3409903.0,1238241.88
Europe,United Kingdom,Beverages,Offline,M,7/31/2015,177376974,8/7/2015,6447,45.94,30.28,296175.18,195215.16,100960.02
Australia and Oceania,Federated States of Micronesia,Clothes,Online,M,7/22/2010,442122408,8/14/2010,8525,116.35,37.63,991883.75,320795.75,671088.0
North America,Canada,Clothes,Online,M,7/1/2015,731963411,7/22/2015,9252,101.75,35.06,941391.0,324375.12,617015.88
Europe,Bulgaria,Household,Offline,H,4/17/2010,952826002,4/30/2010,8030,691.75,482.6,5554752.5,3875278.0,1679474.5
Australia and Oceania,New Zealand,Cereal,Offline,M,11/2/2015,336681652,11/26/2015,5530,196.66,117.9,1087529.8,651987.0,435542.8
Central America and the Caribbean,Mexico,Snacks,Online,C,6/3/2014,785698323,6/15/2014,6931,160.33,92.63,1111247.23,642018.53,469228.7
Sub-Saharan Africa,Burkina Faso,Household,Offline,L,9/13/2017,934314538,9/16/2017,1478,633.17,492.07,935825.26,727279.46,208545.8
Sub-Saharan Africa,Zimbabwe,Household,Online,M,9/1/2011,624121237,9/7/2011,9219,677.28,497.9,6243844.32,4590140.1,1653704.22
North America,Mexico,Office Supplies,Offline,L,9/27/2016,270795156,10/2/2016,2053,630.44,540.44,1294293.32,1109523.32,184770.0
Central America and the Caribbean,Belize,Snacks,Offline,H,8/30/2014,621324003,9/17/2014,935,161.06,91.72,150591.1,85758.2,64832.9
North America,Canada,Meat,Offline,M,7/11/2015,545965857,7/25/2015,1312,408.1,358.43,535427.2,470260.16,65167.04
Central America and the Caribbean,Grenada,Office Supplies,Online,L,3/16/2010,234299121,4/3/2010,1301,632.54,509.27,822934.54,662560.27,160374.27
Middle East and North Africa,Kuwait,Cereal,Online,M,11/1/2012,642691103,12/1/2012,4591,198.96,123.55,913425.36,567218.05,346207.31
Middle East and North Africa,Kuwait,Office Supplies,Offline,L,5/10/2017,900967165,5/27/2017,3867,654.46,554.16,2530796.82,2142936.72,387860.1
Europe,Italy,Office Supplies,Online,H,10/16/2016,366976289,10/25/2016,3532,615.02,531.29,2172250.64,1876516.28,295734.36
Europe,Serbia,Snacks,Online,H,11/18/2011,965608441,11/27/2011,9623,159.54,94.08,1535253.42,905331.84,629921.58
Central America and the Caribbean,Costa Rica,Clothes,Offline,H,1/24/2013,559549257,2/5/2013,2898,107.21,34.25,310694.58,99256.5,211438.08
Australia and Oceania,Papua New Guinea,Meat,Offline,L,8/23/2016,157242853,9/5/2016,2320,434.75,388.99,1008620.0,902456.8,106163.2
Asia,Indonesia,Clothes,Offline,H,6/27/2015,698470829,7/19/2015,1755,116.17,33.74,203878.35,59213.7,144664.65
Middle East and North Africa,Oman,Baby Food,Offline,M,11/15/2011,286547505,11/29/2011,3666,245.43,155.17,899746.38,568853.22,330893.16
Sub-Saharan Africa,Tanzania,Fruits,Online,L,12/27/2014,251923832,1/9/2015,6372,9.58,7.36,61043.76,46897.92,14145.84
North America,Canada,Vegetables,Offline,L,4/30/2014,210110408,5/20/2014,2018,158.27,93.03,319388.86,187734.54,131654.32
Australia and Oceania,Papua New Guinea,Fruits,Online,L,1/29/2013,638078979,2/15/2013,9324,9.24,7.11,86153.76,66293.64,19860.12
Australia and Oceania,Solomon Islands,Household,Online,H,8/1/2013,166338604,8/19/2013,8242,707.51,494.89,5831297.42,4078883.38,1752414.04
Europe,Albania,Office Supplies,Online,C,1/12/2014,518809794,1/16/2014,8703,630.68,541.87,5488808.04,4715894.61,772913.43
Asia,Japan,Meat,Offline,C,6/3/2015,228496483,6/19/2015,8772,414.08,339.98,3632309.76,2982304.56,650005.2
Middle East and North Africa,Qatar,Baby Food,Online,L,6/21/2014,483047274,6/29/2014,6312,244.19,156.38,1541327.28,987070.56,554256.72
Europe,Latvia,Clothes,Offline,M,11/26/2017,386863290,12/10/2017,6245,110.4,37.03,689448.0,231252.35,458195.65
Sub-Saharan Africa,South Africa,Vegetables,Offline,C,2/7/2017,823126657,3/1/2017,8977,154.6,90.18,1387844.2,809545.86,578298.34
Australia and Oceania,Solomon Islands,Beverages,Offline,H,5/30/2015,140345277,6/16/2015,5233,47.97,33.39,251027.01,174729.87,76297.14
Middle East and North Africa,Tunisia,Household,Online,L,12/4/2013,907183533,12/22/2013,9031,676.2,497.48,6106762.2,4492741.88,1614020.32
Europe,Norway,Personal Care,Online,H,11/20/2011,511123678,12/10/2011,6492,83.58,59.4,542601.36,385624.8,156976.56
Australia and Oceania,Federated States of Micronesia,Cereal,Online,C,12/13/2013,987066553,12/23/2013,645,199.75,110.67,128838.75,71382.15,57456.6
Middle East and North Africa,Oman,Cosmetics,Online,H,10/18/2010,212139526,10/27/2010,7823,407.21,255.09,3185603.83,1995569.07,1190034.76
Europe,Estonia,Office Supplies,Offline,C,6/19/2016,182834250,6/30/2016,4556,694.25,558.03,3163003.0,2542384.68,620618.32
Central America and the Caribbean,Trinidad and Tobago,Snacks,Online,L,3/29/2012,469294901,4/9/2012,1274,159.19,94.93,202808.06,120940.82,81867.24
Central America and the Caribbean,Mexico,Meat,Offline,C,6/2/2010,870110970,6/24/2010,1817,414.19,356.45,752583.23,647669.65,104913.58
Middle East and North Africa,Qatar,Vegetables,Offline,C,3/18/2016,761494753,4/2/2016,8679,158.43,85.9,1375013.97,745526.1,629487.87
North America,Canada,Office Supplies,Offline,C,1/11/2015,852162117,1/29/2015,6559,617.5,525.13,4050182.5,3444327.67,605854.83
Australia and Oceania,Tuvalu,Clothes,Online,H,3/4/2015,299502478,3/22/2015,6236,113.23,33.33,706102.28,207845.88,498256.4
Middle East and North Africa,Algeria,Baby Food,Online,L,5/14/2011,511520923,5/27/2011,8269,267.24,159.14,2209807.56,1315928.66,893878.9
Europe,Estonia,Baby Food,Online,C,4/4/2016,608656185,5/4/2016,7941,264.65,153.81,2101585.65,1221405.21,880180.44
North America,Canada,Fruits,Offline,L,1/12/2015,387591171,2/8/2015,4340,9.81,7.03,42575.4,30510.2,12065.2
Europe,Austria,Meat,Online,L,7/17/2011,877057450,7/30/2011,6136,419.99,380.8,2577058.64,2336588.8,240469.84
North America,United States,Fruits,Online,H,2/14/2017,949124743,2/20/2017,3394,9.65,6.45,32752.1,21891.3,10860.8
Sub-Saharan Africa,Cape Verde,Office Supplies,Offline,C,5/5/2012,645623349,5/10/2012,3865,654.99,546.78,2531536.35,2113304.7,418231.65
Asia,Myanmar,Snacks,Offline,C,4/24/2014,216145741,5/16/2014,1523,152.73,91.1,232607.79,138745.3,93862.49
Asia,Laos,Office Supplies,Online,M,4/24/2015,496098424,5/13/2015,5757,616.22,521.64,3547578.54,3003081.48,544497.06
Asia,Sri Lanka,Office Supplies,Offline,M,5/21/2014,902390368,6/3/2014,2883,660.42,501.16,1903990.86,1444844.28,459146.58
Central America and the Caribbean,Dominican Republic,Personal Care,Offline,H,6/3/2013,294167192,6/19/2013,1943,76.82,52.79,149261.26,102570.97,46690.29
Sub-Saharan Africa,Gabon,Cereal,Offline,C,1/2/2013,895880460,1/15/2013,1562,205.2,122.6,320522.4,191501.2,129021.2
Asia,Turkmenistan,Vegetables,Offline,L,3/23/2011,400310133,3/29/2011,731,146.12,95.74,106813.72,69985.94,36827.78
Asia,Turkmenistan,Baby Food,Online,L,6/26/2014,719796713,7/13/2014,7397,254.73,165.2,1884237.81,1221984.4,662253.41
North America,Mexico,Cereal,Offline,L,12/8/2016,709596765,12/19/2016,4489,200.09,113.73,898204.01,510533.97,387670.04
Middle East and North Africa,Jordan,Personal Care,Online,C,12/30/2015,176002013,1/10/2016,8571,84.74,57.52,726306.54,493003.92,233302.62
Sub-Saharan Africa,Benin,Cereal,Online,L,2/3/2017,677970637,2/9/2017,8269,192.48,119.77,1591617.12,990378.13,601238.99
North America,United States,Fruits,Online,L,4/14/2016,727293452,5/9/2016,647,8.88,7.26,5745.36,4697.22,1048.14
Europe,Netherlands,Personal Care,Offline,L,8/30/2016,592145937,9/21/2016,1102,77.5,57.06,85405.0,62880.12,22524.88
Sub-Saharan Africa,Ghana,Personal Care,Offline,L,6/28/2012,960670248,7/3/2012,9135,81.54,53.07,744867.9,484794.45,260073.45
Sub-Saharan Africa,Zimbabwe,Baby Food,Offline,M,1/16/2012,846460806,2/10/2012,6753,243.19,153.41,1642262.07,1035977.73,606284.34
Australia and Oceania,Papua New Guinea,Baby Food,Offline,H,8/14/2012,969568496,8/19/2012,2090,242.11,166.16,506009.9,347274.4,158735.5
Middle East and North Africa,Bahrain,Personal Care,Offline,C,9/12/2012,260445801,9/19/2012,4311,81.26,59.1,350311.86,254780.1,95531.76
North America,Mexico,Vegetables,Online,H,6/16/2013,488860303,7/12/2013,1741,156.14,96.0,271839.74,167136.0,104703.74
Central America and the Caribbean,Guatemala,Fruits,Online,L,10/13/2013,624622285,10/26/2013,1705,9.05,6.52,15430.25,11116.6,4313.65
Europe,Germany,Personal Care,Offline,H,4/4/2015,229994799,5/3/2015,940,79.08,55.14,74335.2,51831.6,22503.6
Australia and Oceania,New Zealand,Vegetables,Offline,C,6/30/2010,239397159,7/10/2010,8481,157.63,86.73,1336860.03,735557.13,601302.9
Sub-Saharan Africa,Guinea,Meat,Offline,H,5/14/2011,812586889,5/30/2011,7644,428.92,355.25,3278664.48,2715531.0,563133.48
Middle East and North Africa,Iraq,Vegetables,Offline,C,7/19/2011,761002217,7/25/2011,5704,158.86,88.6,906137.44,505374.4,400763.04
Middle East and North Africa,Saudi Arabia,Meat,Offline,L,10/1/2010,250598702,10/8/2010,8138,401.18,384.31,3264802.84,3127514.78,137288.06
Australia and Oceania,Kiribati,Office Supplies,Online,M,11/30/2014,684207015,12/3/2014,2777,667.89,491.33,1854730.53,1364423.41,490307.12
Australia and Oceania,Tuvalu,Personal Care,Offline,C,10/24/2017,130525353,11/6/2017,4622,79.06,52.87,365415.32,244365.14,121050.18
Australia and Oceania,Fiji,Vegetables,Online,C,10/31/2017,768195163,11/25/2017,2866,162.24,86.48,464979.84,247851.68,217128.16
Europe,Iceland,Baby Food,Offline,H,1/11/2017,898524376,1/19/2017,668,268.37,157.5,179271.16,105210.0,74061.16
Central America and the Caribbean,Grenada,Clothes,Offline,M,9/1/2010,599362313,9/29/2010,7386,105.92,34.21,782325.12,252675.06,529650.06
Australia and Oceania,Australia,Fruits,Offline,H,9/18/2017,468751265,10/7/2017,9302,9.95,6.99,92554.9,65020.98,27533.92
Sub-Saharan Africa,Uganda,Vegetables,Offline,H,6/12/2011,818420486,6/27/2011,793,148.4,93.6,117681.2,74224.8,43456.4
Central America and the Caribbean,Haiti,Household,Offline,H,12/2/2010,553619027,12/15/2010,8212,674.65,508.69,5540225.8,4177362.28,1362863.52
Asia,Nepal,Personal Care,Offline,M,3/17/2013,816756866,4/9/2013,2235,81.2,56.4,181482.0,126054.0,55428.0
Australia and Oceania,Samoa,Baby Food,Offline,M,3/2/2017,760669592,3/25/2017,4752,258.78,165.96,1229722.56,788641.92,441080.64
Middle East and North Africa,UAE,Vegetables,Online,L,12/23/2017,175318697,12/31/2017,6182,164.44,87.1,1016568.08,538452.2,478115.88
Europe,United Kingdom,Personal Care,Online,M,11/24/2015,348383695,12/8/2015,6968,84.42,54.89,588238.56,382473.52,205765.04
Central America and the Caribbean,Trinidad and Tobago,Clothes,Online,M,7/16/2012,674278761,7/21/2012,6313,106.96,37.07,675238.48,234022.91,441215.57
Australia and Oceania,Federated States of Micronesia,Baby Food,Online,C,9/2/2014,786982424,9/27/2014,2392,257.35,163.55,615581.2,391211.6,224369.6
Asia,Kyrgyzstan,Office Supplies,Online,H,1/14/2015,218644030,2/6/2015,1303,611.43,514.85,796693.29,670849.55,125843.74
North America,United States,Office Supplies,Offline,M,2/24/2015,388814642,3/9/2015,4765,680.11,504.48,3240724.15,2403847.2,836876.95
Central America and the Caribbean,Mexico,Meat,Online,L,6/23/2010,452544986,7/9/2010,323,394.63,340.98,127465.49,110136.54,17328.95
Sub-Saharan Africa,Burkina Faso,Beverages,Offline,C,12/6/2014,440475411,12/23/2014,4319,46.7,33.48,201697.3,144600.12,57097.18
Asia,Philippines,Vegetables,Online,M,4/16/2011,777841395,4/28/2011,7761,155.9,89.25,1209939.9,692669.25,517270.65
Europe,Russia,Personal Care,Offline,M,2/23/2015,237421812,3/13/2015,4798,84.93,54.57,407494.14,261826.86,145667.28
Asia,Vietnam,Household,Offline,M,4/25/2011,484669328,5/3/2011,7852,645.21,525.2,5066188.92,4123870.4,942318.52
Central America and the Caribbean,Grenada,Baby Food,Online,C,8/6/2014,598388204,8/10/2014,2155,254.59,156.86,548641.45,338033.3,210608.15
Asia,Laos,Baby Food,Offline,L,10/7/2015,811590497,11/6/2015,5732,265.68,154.04,1522877.76,882957.28,639920.48
North America,Canada,Baby Food,Offline,L,2/11/2012,753501990,3/10/2012,2601,256.56,167.54,667312.56,435771.54,231541.02
Central America and the Caribbean,Dominican Republic,Fruits,Online,C,11/7/2015,497762996,11/26/2015,1911,8.9,7.11,17007.9,13587.21,3420.69
Sub-Saharan Africa,Mauritania,Beverages,Offline,C,9/10/2017,700476539,9/23/2017,9672,48.5,33.35,469092.0,322561.2,146530.8
Asia,Turkmenistan,Meat,Offline,C,8/22/2015,148275931,9/4/2015,3302,424.48,367.57,1401632.96,1213716.14,187916.82
Sub-Saharan Africa,Gabon,Meat,Offline,H,6/11/2011,494519808,7/7/2011,2331,404.77,346.49,943518.87,807668.19,135850.68
Europe,Lithuania,Meat,Online,L,1/1/2012,580542327,1/12/2012,172,413.54,345.0,71128.88,59340.0,11788.88
Australia and Oceania,Vanuatu,Fruits,Online,C,3/20/2010,136108655,3/26/2010,749,9.17,7.13,6868.33,5340.37,1527.96
Australia and Oceania,Australia,Household,Online,C,1/18/2012,793127144,2/11/2012,5670,637.43,498.85,3614228.1,2828479.5,785748.6
Australia and Oceania,Australia,Beverages,Offline,C,6/27/2015,138017878,7/27/2015,9964,46.42,30.15,462528.88,300414.6,162114.28
Asia,Pakistan,Household,Offline,M,12/6/2013,681791427,1/5/2014,8113,645.02,506.59,5233047.26,4109964.67,1123082.59
Sub-Saharan Africa,Republic of the Congo,Cereal,Online,L,8/21/2016,247202954,8/26/2016,9420,206.5,120.7,1945230.0,1136994.0,808236.0
Sub-Saharan Africa,Mozambique,Household,Online,M,7/2/2011,102143458,7/27/2011,2414,704.46,536.4,1700566.44,1294869.6,405696.84
Europe,Hungary,Cosmetics,Online,M,8/29/2011,444059145,9/2/2011,4494,408.03,248.5,1833686.82,1116759.0,716927.82
Middle East and North Africa,Qatar,Cereal,Offline,M,11/28/2013,410950651,12/11/2013,2578,213.8,113.73,551176.4,293195.94,257980.46
North America,United States,Cereal,Online,L,6/7/2010,776564133,7/6/2010,621,219.59,118.23,136365.39,73420.83,62944.56
Central America and the Caribbean,Costa Rica,Clothes,Offline,L,10/25/2015,794174854,11/9/2015,9261,114.76,37.31,1062792.36,345527.91,717264.45
Middle East and North Africa,Pakistan,Snacks,Offline,L,7/30/2017,323322319,8/20/2017,3048,155.13,101.33,472836.24,308853.84,163982.4
Australia and Oceania,New Zealand,Snacks,Online,M,6/13/2015,937408629,6/20/2015,9046,144.27,93.61,1305066.42,846796.06,458270.36
Middle East and North Africa,UAE,Baby Food,Online,C,4/4/2016,103710646,4/24/2016,7384,259.17,158.27,1913711.28,1168665.68,745045.6
Europe,San Marino,Meat,Online,H,1/17/2016,371598198,1/22/2016,9361,411.3,389.52,3850179.3,3646296.72,203882.58
North America,Canada,Personal Care,Offline,H,11/13/2015,952304274,12/6/2015,2358,79.31,54.41,187012.98,128298.78,58714.2
Central America and the Caribbean,Belize,Personal Care,Online,H,5/1/2016,942979958,5/9/2016,305,78.79,55.93,24030.95,17058.65,6972.3
Australia and Oceania,Vanuatu,Baby Food,Offline,M,7/9/2011,138083193,8/3/2011,2931,245.97,157.43,720938.07,461427.33,259510.74
Australia and Oceania,Federated States of Micronesia,Personal Care,Online,L,8/2/2015,336073390,8/24/2015,4615,77.26,58.92,356554.9,271915.8,84639.1
Asia,China,Personal Care,Online,L,2/21/2017,132405127,3/11/2017,1548,77.24,55.74,119567.52,86285.52,33282.0
Asia,Sri Lanka,Personal Care,Offline,L,6/7/2016,700599126,6/28/2016,9320,87.22,60.03,812890.4,559479.6,253410.8
North America,Canada,Personal Care,Offline,C,1/24/2010,310563898,2/21/2010,712,79.49,55.82,56596.88,39743.84,16853.04
Australia and Oceania,East Timor,Snacks,Online,C,5/17/2015,307033331,6/13/2015,5003,160.77,97.39,804332.31,487242.17,317090.14
Middle East and North Africa,Iran,Clothes,Offline,L,12/12/2012,999542985,1/2/2013,9719,104.93,36.96,1019814.67,359214.24,660600.43
Asia,Cambodia,Clothes,Online,C,8/29/2010,295377655,9/21/2010,7236,110.42,35.5,798999.12,256878.0,542121.12
North America,United States,Baby Food,Online,H,10/3/2016,802505850,10/29/2016,4108,254.89,152.19,1047088.12,625196.52,421891.6
Middle East and North Africa,Lebanon,Cereal,Online,H,12/9/2011,523061290,12/18/2011,1288,205.86,120.61,265147.68,155345.68,109802.0
Asia,South Korea,Cosmetics,Online,H,8/12/2011,208318853,9/4/2011,8635,446.89,260.4,3858895.15,2248554.0,1610341.15
Asia,Thailand,Clothes,Offline,C,7/5/2017,887203273,7/17/2017,8773,112.25,36.38,984769.25,319161.74,665607.51
Sub-Saharan Africa,Madagascar,Cereal,Online,M,3/23/2013,406123094,4/5/2013,3728,212.16,110.79,790932.48,413025.12,377907.36
Australia and Oceania,East Timor,Meat,Offline,M,3/28/2011,200442891,4/27/2011,8750,412.82,370.59,3612175.0,3242662.5,369512.5
Asia,Kyrgyzstan,Clothes,Offline,H,7/13/2012,898729225,7/21/2012,2244,116.38,34.6,261156.72,77642.4,183514.32
Australia and Oceania,Solomon Islands,Beverages,Online,H,4/9/2016,351629141,4/13/2016,2789,46.69,33.79,130218.41,94240.31,35978.1
Central America and the Caribbean,Jamaica,Baby Food,Online,M,10/3/2011,741734953,10/26/2011,237,241.26,152.54,57178.62,36151.98,21026.64
Sub-Saharan Africa,Zambia,Vegetables,Online,M,9/2/2015,230088182,9/13/2015,9669,150.92,88.5,1459245.48,855706.5,603538.98
Middle East and North Africa,Syria,Cereal,Online,C,11/17/2014,811083131,12/9/2014,2499,210.66,111.97,526439.34,279813.03,246626.31
Middle East and North Africa,Bahrain,Household,Offline,M,6/14/2015,583809724,7/3/2015,5019,667.88,512.36,3352089.72,2571534.84,780554.88
Europe,France,Cereal,Online,H,7/23/2014,476639545,7/31/2014,8010,218.75,125.15,1752187.5,1002451.5,749736.0
North America,Mexico,Snacks,Offline,L,1/16/2015,978157943,1/23/2015,8677,154.46,96.33,1340249.42,835855.41,504394.01
Australia and Oceania,Vanuatu,Household,Online,L,5/19/2015,132853888,6/7/2015,843,647.71,493.2,546019.53,415767.6,130251.93
Sub-Saharan Africa,South Africa,Clothes,Online,L,9/16/2014,989923703,9/27/2014,9576,115.15,33.52,1102676.4,320987.52,781688.88
Europe,Latvia,Meat,Offline,C,3/24/2015,130107301,3/27/2015,5744,436.8,389.78,2508979.2,2238896.32,270082.88
North America,United States,Baby Food,Online,C,2/14/2014,291381371,3/14/2014,3204,250.42,154.48,802345.68,494953.92,307391.76
Asia,Brunei,Fruits,Offline,H,9/26/2016,769375307,9/29/2016,3526,9.98,6.78,35189.48,23906.28,11283.2
Australia and Oceania,Vanuatu,Vegetables,Online,H,11/28/2010,808452115,12/15/2010,3744,149.21,89.08,558642.24,333515.52,225126.72
Sub-Saharan Africa,Angola,Personal Care,Offline,L,4/4/2010,815968788,5/3/2010,1237,85.35,57.6,105577.95,71251.2,34326.75
Central America and the Caribbean,Jamaica,Cosmetics,Online,L,9/29/2010,993604582,10/25/2010,8051,429.88,268.74,3460963.88,2163625.74,1297338.14
Australia and Oceania,Vanuatu,Fruits,Offline,H,1/22/2016,955317739,2/13/2016,1622,9.89,6.97,16041.58,11305.34,4736.24
Asia,Laos,Household,Offline,C,9/14/2015,236325422,9/25/2015,7603,676.98,474.43,5147078.94,3607091.29,1539987.65
Asia,Nepal,Cereal,Offline,M,12/9/2012,605587085,12/20/2012,414,203.16,123.42,84108.24,51095.88,33012.36
Asia,Turkmenistan,Fruits,Offline,L,1/3/2016,777986016,1/23/2016,9436,9.74,7.23,91906.64,68222.28,23684.36
Central America and the Caribbean,Trinidad and Tobago,Snacks,Offline,H,3/24/2014,891777462,4/2/2014,3642,161.0,95.78,586362.0,348830.76,237531.24
North America,Mexico,Fruits,Offline,M,9/8/2014,615427482,10/7/2014,4551,9.4,7.09,42779.4,32266.59,10512.81
Europe,Czech Republic,Baby Food,Offline,M,4/13/2013,488563468,5/12/2013,8498,241.51,160.29,2052351.98,1362144.42,690207.56
Asia,Nepal,Office Supplies,Offline,C,5/31/2011,742380272,6/15/2011,6219,642.39,508.1,3995023.41,3159873.9,835149.51
Europe,Finland,Fruits,Offline,C,7/27/2016,189628165,8/3/2016,5051,9.68,6.91,48893.68,34902.41,13991.27
Sub-Saharan Africa,Rwanda,Fruits,Online,M,3/4/2012,897081552,3/23/2012,5621,9.59,6.98,53905.39,39234.58,14670.81
Australia and Oceania,Fiji,Fruits,Offline,H,8/4/2017,239255504,8/17/2017,2259,9.69,7.04,21889.71,15903.36,5986.35
Australia and Oceania,Papua New Guinea,Clothes,Offline,M,5/25/2016,278120098,6/6/2016,4001,102.19,35.5,408862.19,142035.5,266826.69
Asia,Brunei,Baby Food,Online,H,1/1/2016,720375293,1/8/2016,1785,261.68,149.24,467098.8,266393.4,200705.4
Middle East and North Africa,Oman,Household,Online,M,6/20/2011,385313100,7/13/2011,4722,678.88,536.56,3205671.36,2533636.32,672035.04
North America,Mexico,Meat,Offline,M,12/1/2010,693044213,12/8/2010,1356,420.03,359.17,569560.68,487034.52,82526.16
Middle East and North Africa,Egypt,Cosmetics,Offline,C,2/21/2012,819440103,3/5/2012,5849,467.15,255.42,2732360.35,1493951.58,1238408.77
Asia,Brunei,Fruits,Online,M,5/23/2010,880238784,6/11/2010,562,8.99,6.59,5052.38,3703.58,1348.8
Asia,Bangladesh,Cereal,Offline,C,10/21/2016,964278398,11/14/2016,5214,195.46,117.96,1019128.44,615043.44,404085.0
North America,Canada,Snacks,Online,C,12/24/2017,261903480,1/16/2018,7036,144.71,102.78,1018179.56,723160.08,295019.48
Europe,United Kingdom,Baby Food,Online,M,12/20/2014,278454764,12/25/2014,3054,239.25,164.39,730669.5,502047.06,228622.44
Asia,Vietnam,Cereal,Offline,L,9/13/2015,128433163,9/27/2015,5654,212.07,125.15,1199043.78,707598.1,491445.68
Central America and the Caribbean,Grenada,Snacks,Offline,L,3/14/2011,807289381,3/29/2011,7309,155.92,103.36,1139619.28,755458.24,384161.04
Asia,Pakistan,Meat,Offline,H,9/17/2015,352292762,10/15/2015,4202,395.1,366.67,1660210.2,1540747.34,119462.86
Middle East and North Africa,Libya,Cosmetics,Offline,C,2/11/2015,749123218,2/20/2015,1487,442.13,264.36,657447.31,393103.32,264343.99
Middle East and North Africa,Morocco,Beverages,Online,M,7/18/2011,413257634,8/3/2011,9892,48.85,30.41,483224.2,300815.72,182408.48
Australia and Oceania,Tuvalu,Snacks,Offline,L,11/30/2017,528718420,12/16/2017,2401,149.26,99.0,358373.26,237699.0,120674.26
Middle East and North Africa,Qatar,Fruits,Offline,L,10/24/2012,796857980,11/14/2012,149,8.72,7.09,1299.28,1056.41,242.87
Central America and the Caribbean,Cuba,Household,Offline,M,1/7/2015,554520526,1/10/2015,8779,712.92,504.23,6258724.68,4426635.17,1832089.51
Australia and Oceania,Fiji,Fruits,Online,M,11/21/2017,835270149,12/8/2017,114,9.96,7.3,1135.44,832.2,303.24
Australia and Oceania,Kiribati,Fruits,Online,C,4/2/2013,703863091,4/23/2013,5386,9.69,6.6,52190.34,35547.6,16642.74
Asia,Japan,Meat,Offline,L,10/4/2012,885851231,10/22/2012,1151,445.61,372.8,512897.11,429092.8,83804.31
North America,United States,Personal Care,Online,M,7/30/2011,791811948,8/29/2011,2649,81.09,54.81,214807.41,145191.69,69615.72
Asia,Sri Lanka,Clothes,Offline,C,6/9/2012,210805386,6/17/2012,857,110.82,37.33,94972.74,31991.81,62980.93
Australia and Oceania,Kiribati,Office Supplies,Offline,H,10/14/2017,511342510,11/6/2017,6269,628.93,515.73,3942762.17,3233111.37,709650.8
Middle East and North Africa,Tunisia,Household,Offline,H,7/20/2017,633483333,8/15/2017,8066,660.89,508.89,5330738.74,4104706.74,1226032.0
Sub-Saharan Africa,Kenya,Cosmetics,Online,H,1/22/2016,376404200,2/10/2016,8147,427.41,276.75,3482109.27,2254682.25,1227427.02
Sub-Saharan Africa,Kenya,Baby Food,Offline,M,7/14/2014,605468191,8/10/2014,5517,267.57,167.37,1476183.69,923380.29,552803.4
Sub-Saharan Africa,Zimbabwe,Vegetables,Offline,L,2/25/2016,211651039,3/13/2016,9339,156.78,93.76,1464168.42,875624.64,588543.78
Middle East and North Africa,Pakistan,Cereal,Online,L,9/18/2011,637580327,10/18/2011,7695,209.34,113.16,1610871.3,870766.2,740105.1
Sub-Saharan Africa,Uganda,Snacks,Online,H,12/7/2015,885570609,12/31/2015,3966,147.8,92.24,586174.8,365823.84,220350.96
Middle East and North Africa,Morocco,Clothes,Offline,L,4/4/2011,342806713,4/10/2011,8843,106.36,33.93,940541.48,300042.99,640498.49
Australia and Oceania,Solomon Islands,Cosmetics,Online,H,7/13/2011,930587940,7/18/2011,9040,408.59,258.45,3693653.6,2336388.0,1357265.6
Asia,Japan,Meat,Online,M,7/18/2017,521470526,8/2/2017,1378,432.01,378.04,595309.78,520939.12,74370.66
Central America and the Caribbean,Trinidad and Tobago,Personal Care,Online,M,4/13/2011,762419981,5/1/2011,1523,76.6,55.13,116661.8,83962.99,32698.81
North America,United States,Cereal,Online,C,5/13/2013,122777424,6/7/2013,3083,209.91,110.84,647152.53,341719.72,305432.81
Australia and Oceania,Samoa,Office Supplies,Offline,M,2/4/2013,153222030,2/28/2013,3500,608.37,560.44,2129295.0,1961540.0,167755.0
North America,Mexico,Baby Food,Offline,M,5/4/2010,657249546,5/20/2010,914,256.2,151.94,234166.8,138873.16,95293.64
Australia and Oceania,Tuvalu,Personal Care,Offline,L,3/31/2016,890658257,4/14/2016,7304,77.46,56.52,565767.84,412822.08,152945.76
North America,Mexico,Vegetables,Online,H,3/22/2017,456310322,3/31/2017,4936,159.23,85.98,785959.28,424397.28,361562.0
Australia and Oceania,Samoa,Fruits,Online,H,1/4/2017,283653064,1/27/2017,1115,9.51,6.49,10603.65,7236.35,3367.3
Sub-Saharan Africa,Gabon,Fruits,Online,C,4/13/2010,647578028,4/25/2010,6983,9.1,7.35,63545.3,51325.05,12220.25
Europe,France,Clothes,Online,L,1/7/2012,200975080,1/17/2012,5837,109.22,37.06,637517.14,216319.22,421197.92
Central America and the Caribbean,Dominican Republic,Meat,Offline,C,1/26/2015,548973423,2/17/2015,1946,434.73,340.46,845984.58,662535.16,183449.42
North America,Canada,Household,Offline,H,8/3/2011,504400358,8/19/2011,6987,660.42,523.57,4614354.54,3658183.59,956170.95
Asia,Laos,Cereal,Online,C,7/14/2014,158725975,8/12/2014,5412,215.11,120.08,1164175.32,649872.96,514302.36
North America,Canada,Vegetables,Offline,M,6/28/2017,102207220,7/10/2017,6343,151.35,88.04,960013.05,558437.72,401575.33
Central America and the Caribbean,Grenada,Clothes,Online,H,11/17/2011,571243001,12/14/2011,8893,105.38,36.53,937144.34,324861.29,612283.05
Sub-Saharan Africa,Cote d'Ivoire,Baby Food,Online,L,5/23/2010,685996665,6/4/2010,9121,272.28,163.64,2483465.88,1492560.44,990905.44
Middle East and North Africa,Bahrain,Clothes,Online,H,1/18/2015,591058431,2/6/2015,2428,112.36,35.62,272810.08,86485.36,186324.72
Middle East and North Africa,Algeria,Snacks,Offline,H,4/3/2013,568802761,4/25/2013,173,143.37,91.82,24803.01,15884.86,8918.15
Australia and Oceania,Samoa,Fruits,Online,L,1/4/2015,127387470,2/1/2015,498,8.96,7.11,4462.08,3540.78,921.3
North America,Mexico,Beverages,Offline,C,9/13/2017,389922909,10/8/2017,1372,46.38,31.48,63633.36,43190.56,20442.8
Asia,Japan,Meat,Online,M,4/1/2011,193727608,4/26/2011,3854,412.46,380.39,1589620.84,1466023.06,123597.78
Europe,Poland,Meat,Online,H,9/12/2015,922770722,9/15/2015,8922,423.02,370.93,3774184.44,3309437.46,464746.98
Europe,Latvia,Fruits,Online,C,2/18/2011,153140720,3/7/2011,7224,9.44,6.92,68194.56,49990.08,18204.48
Sub-Saharan Africa,Cameroon,Meat,Offline,H,8/24/2012,980270707,9/16/2012,6036,393.09,387.67,2372691.24,2339976.12,32715.12
Australia and Oceania,Federated States of Micronesia,Vegetables,Online,M,7/10/2015,881856019,7/14/2015,7856,144.33,95.22,1133856.48,748048.32,385808.16
Europe,Czech Republic,Personal Care,Online,C,11/27/2010,431245234,12/8/2010,7478,80.46,55.82,601679.88,417421.96,184257.92
Europe,Norway,Clothes,Online,L,7/15/2016,614942971,7/31/2016,6881,103.02,34.28,708880.62,235880.68,472999.94
Asia,Brunei,Office Supplies,Online,L,5/15/2016,242877307,5/29/2016,1671,638.02,489.34,1066131.42,817687.14,248444.28
Central America and the Caribbean,Costa Rica,Personal Care,Offline,H,4/3/2010,722687573,4/26/2010,2106,77.41,57.71,163025.46,121537.26,41488.2
Middle East and North Africa,Azerbaijan,Snacks,Offline,L,10/3/2011,286709408,10/18/2011,2816,145.82,93.3,410629.12,262732.8,147896.32
Europe,Slovakia,Vegetables,Offline,M,12/2/2013,845765744,12/15/2013,8347,155.02,86.38,1293951.94,721013.86,572938.08
Asia,Brunei,Snacks,Offline,M,8/29/2010,225982977,9/16/2010,4232,143.49,93.06,607249.68,393829.92,213419.76
Australia and Oceania,Vanuatu,Meat,Online,M,5/25/2012,251659926,5/31/2012,4980,411.33,388.99,2048423.4,1937170.2,111253.2
Asia,Japan,Household,Online,H,10/15/2016,172357925,10/28/2016,7706,622.33,476.24,4795674.98,3669905.44,1125769.54
North America,United States,Cosmetics,Online,L,12/9/2013,183084962,12/25/2013,9650,410.45,278.31,3960842.5,2685691.5,1275151.0
Middle East and North Africa,Qatar,Cosmetics,Online,L,3/12/2012,439431446,3/20/2012,1150,434.98,252.61,500227.0,290501.5,209725.5
North America,Mexico,Baby Food,Offline,L,10/12/2010,160486089,10/18/2010,6463,261.9,161.92,1692659.7,1046488.96,646170.74
Sub-Saharan Africa,Togo,Office Supplies,Online,M,11/2/2014,650671701,11/24/2014,7813,615.51,536.26,4808979.63,4189799.38,619180.25
Middle East and North Africa,Yemen,Personal Care,Online,M,2/2/2017,542886763,2/18/2017,3071,83.48,59.75,256367.08,183492.25,72874.83
Australia and Oceania,Vanuatu,Beverages,Online,M,9/10/2012,420777326,9/29/2012,9422,48.51,31.85,457061.22,300090.7,156970.52
Sub-Saharan Africa,Madagascar,Household,Offline,L,6/11/2016,927095513,6/23/2016,5130,707.69,519.07,3630449.7,2662829.1,967620.6
Europe,Iceland,Personal Care,Online,L,5/6/2015,769014269,5/27/2015,1907,79.88,56.96,152331.16,108622.72,43708.44
Asia,Vietnam,Office Supplies,Offline,L,7/6/2016,249088158,7/23/2016,3402,691.48,489.84,2352414.96,1666435.68,685979.28
Asia,Sri Lanka,Vegetables,Offline,C,9/22/2016,347806497,10/3/2016,9432,149.53,87.66,1410366.96,826809.12,583557.84
Europe,Austria,Office Supplies,Online,L,5/1/2013,915973768,5/28/2013,5582,644.4,514.52,3597040.8,2872050.64,724990.16
Asia,Turkmenistan,Personal Care,Offline,L,4/7/2010,171774715,5/5/2010,4160,82.68,57.85,343948.8,240656.0,103292.8
Europe,Slovakia,Household,Online,M,1/28/2016,205858148,2/24/2016,294,711.15,477.46,209078.1,140373.24,68704.86
Central America and the Caribbean,Trinidad and Tobago,Personal Care,Offline,L,4/30/2010,523257482,5/17/2010,1461,84.96,56.97,124126.56,83233.17,40893.39
Middle East and North Africa,Yemen,Personal Care,Online,H,12/11/2011,889213562,12/18/2011,8680,87.03,55.1,755420.4,478268.0,277152.4
Middle East and North Africa,Bahrain,Cereal,Offline,C,9/30/2015,930896108,10/29/2015,3928,211.34,121.6,830143.52,477644.8,352498.72
Europe,Croatia,Snacks,Offline,C,6/4/2017,265282017,6/16/2017,8364,160.51,91.06,1342505.64,761625.84,580879.8
Australia and Oceania,Solomon Islands,Vegetables,Online,M,8/18/2016,500887264,9/7/2016,4692,152.49,89.59,715483.08,420356.28,295126.8
Europe,Switzerland,Cereal,Online,C,5/2/2011,109003016,5/12/2011,4225,195.3,115.15,825142.5,486508.75,338633.75
Australia and Oceania,Kiribati,Baby Food,Online,M,11/11/2013,536777347,12/3/2013,6145,249.3,158.41,1531948.5,973429.45,558519.05
Sub-Saharan Africa,Democratic Republic of the Congo,Baby Food,Online,L,4/29/2014,923872030,5/14/2014,9041,259.83,162.97,2349123.03,1473411.77,875711.26
Europe,Netherlands,Household,Online,C,2/17/2011,107417731,3/13/2011,2420,683.87,516.3,1654965.4,1249446.0,405519.4
Sub-Saharan Africa,Comoros,Clothes,Online,L,10/30/2012,411995312,11/6/2012,524,114.47,36.13,59982.28,18932.12,41050.16
Middle East and North Africa,Bahrain,Snacks,Offline,H,6/15/2010,226333370,6/25/2010,4866,162.2,100.19,789265.2,487524.54,301740.66
Middle East and North Africa,Syria,Cosmetics,Online,M,5/9/2014,689140715,5/17/2014,906,415.1,256.84,376080.6,232697.04,143383.56
Sub-Saharan Africa,Gabon,Snacks,Offline,M,4/5/2014,629960498,4/15/2014,3494,145.09,98.09,506944.46,342726.46,164218.0
Middle East and North Africa,Yemen,Snacks,Online,M,8/27/2010,269167765,8/30/2010,6847,153.21,97.11,1049028.87,664912.17,384116.7
Middle East and North Africa,Libya,Fruits,Offline,L,2/22/2010,161324463,3/12/2010,7396,9.36,6.6,69226.56,48813.6,20412.96
Sub-Saharan Africa,Angola,Personal Care,Offline,H,5/23/2012,559330589,6/9/2012,7986,84.92,54.26,678171.12,433320.36,244850.76
Middle East and North Africa,UAE,Personal Care,Offline,M,6/19/2013,801407093,6/24/2013,8137,76.63,60.64,623538.31,493427.68,130110.63
Europe,Monaco,Cereal,Online,M,6/1/2012,652075294,6/10/2012,1692,206.72,125.17,349770.24,211787.64,137982.6
Asia,Mongolia,Vegetables,Online,L,1/28/2016,181353439,2/24/2016,6474,159.89,89.48,1035127.86,579293.52,455834.34
Sub-Saharan Africa,Ethiopia,Cosmetics,Online,M,1/12/2014,375412663,1/20/2014,7904,433.8,268.42,3428755.2,2121591.68,1307163.52
Asia,Indonesia,Baby Food,Offline,M,11/13/2010,633697631,11/26/2010,9321,248.89,149.07,2319903.69,1389481.47,930422.22
Middle East and North Africa,Pakistan,Snacks,Offline,H,10/30/2017,934659800,11/10/2017,6624,150.81,103.15,998965.44,683265.6,315699.84
Australia and Oceania,New Zealand,Meat,Offline,L,2/27/2011,881925630,3/8/2011,906,418.32,359.46,378997.92,325670.76,53327.16
Europe,Austria,Cereal,Online,C,2/4/2015,119023740,3/3/2015,9976,218.07,123.85,2175466.32,1235527.6,939938.72
Central America and the Caribbean,Grenada,Beverages,Offline,H,1/7/2014,611369627,1/19/2014,4040,46.22,31.07,186728.8,125522.8,61206.0
Australia and Oceania,Australia,Fruits,Offline,H,3/15/2016,549876840,3/21/2016,5213,9.65,6.6,50305.45,34405.8,15899.65
Asia,South Korea,Personal Care,Offline,C,12/15/2015,156328591,12/24/2015,878,85.74,54.08,75279.72,47482.24,27797.48
Middle East and North Africa,Bahrain,Fruits,Online,L,7/21/2012,209589699,8/10/2012,7662,9.52,6.66,72942.24,51028.92,21913.32
Australia and Oceania,Australia,Beverages,Online,L,10/24/2010,634613351,11/7/2010,1815,48.11,30.62,87319.65,55575.3,31744.35
Sub-Saharan Africa,Senegal,Snacks,Online,L,5/19/2012,699113958,6/16/2012,9912,159.18,94.75,1577792.16,939162.0,638630.16
Sub-Saharan Africa,Chad,Clothes,Online,H,4/20/2012,168622478,5/7/2012,206,115.77,33.82,23848.62,6966.92,16881.7
Sub-Saharan Africa,Angola,Cosmetics,Offline,H,5/10/2011,367688465,6/4/2011,6447,446.83,277.68,2880713.01,1790202.96,1090510.05
Sub-Saharan Africa,Angola,Baby Food,Offline,C,6/30/2013,684501335,7/6/2013,9039,247.31,164.24,2235435.09,1484565.36,750869.73
Australia and Oceania,Papua New Guinea,Personal Care,Offline,C,11/11/2017,442824408,12/3/2017,5960,83.38,59.78,496944.8,356288.8,140656.0
Asia,India,Fruits,Offline,H,7/7/2012,787739183,7/23/2012,9868,9.29,7.26,91673.72,71641.68,20032.04
Central America and the Caribbean,Dominican Republic,Snacks,Offline,H,9/9/2017,265737834,10/1/2017,6720,148.5,95.18,997920.0,639609.6,358310.4
North America,Mexico,Vegetables,Offline,H,6/23/2012,810882086,7/1/2012,984,154.47,89.92,151998.48,88481.28,63517.2
Middle East and North Africa,Yemen,Snacks,Offline,M,6/24/2011,480103833,7/24/2011,8904,151.79,92.02,1351538.16,819346.08,532192.08
Central America and the Caribbean,Trinidad and Tobago,Meat,Offline,L,3/24/2016,488723209,4/5/2016,3741,393.19,366.78,1470923.79,1372123.98,98799.81
Middle East and North Africa,Iraq,Cosmetics,Online,M,11/16/2014,673783208,11/21/2014,2341,411.05,259.22,962268.05,606834.02,355434.03
Sub-Saharan Africa,Mali,Meat,Online,C,12/9/2017,689523566,12/15/2017,6107,421.32,373.19,2573001.24,2279071.33,293929.91
Sub-Saharan Africa,Angola,Meat,Online,L,1/8/2013,503107290,1/28/2013,4850,426.45,342.34,2068282.5,1660349.0,407933.5
Sub-Saharan Africa,South Sudan,Fruits,Offline,M,1/26/2010,941601266,2/16/2010,5532,8.73,7.36,48294.36,40715.52,7578.84
Middle East and North Africa,Azerbaijan,Meat,Online,M,7/25/2014,552461370,8/14/2014,7640,435.85,362.19,3329894.0,2767131.6,562762.4
Middle East and North Africa,Bahrain,Household,Online,M,10/6/2015,473844045,10/25/2015,2480,623.36,532.42,1545932.8,1320401.6,225531.2
North America,Mexico,Snacks,Offline,H,10/9/2017,452726866,10/24/2017,6830,161.89,94.4,1105708.7,644752.0,460956.7
Middle East and North Africa,Azerbaijan,Cosmetics,Offline,C,10/27/2012,122475084,11/19/2012,177,440.82,275.82,78025.14,48820.14,29205.0
Europe,Belgium,Meat,Online,C,1/9/2012,197356497,2/2/2012,5360,401.31,378.4,2151021.6,2028224.0,122797.6
Sub-Saharan Africa,Sierra Leone,Cosmetics,Offline,M,11/1/2015,891479305,11/16/2015,9952,464.6,253.17,4623699.2,2519547.84,2104151.36
Central America and the Caribbean,Honduras,Cereal,Offline,L,4/12/2016,922683763,4/18/2016,5037,207.38,113.96,1044573.06,574016.52,470556.54
Asia,Cambodia,Vegetables,Online,H,7/22/2017,754565709,8/10/2017,760,153.53,96.74,116682.8,73522.4,43160.4
Sub-Saharan Africa,Cote d'Ivoire,Personal Care,Offline,M,4/6/2014,347543227,4/24/2014,386,84.79,55.63,32728.94,21473.18,11255.76
Middle East and North Africa,Egypt,Cosmetics,Online,M,3/10/2016,426913287,3/24/2016,9596,446.13,274.3,4281063.48,2632182.8,1648880.68
Australia and Oceania,Vanuatu,Cosmetics,Online,H,1/10/2015,264763570,1/14/2015,3984,409.82,257.91,1632722.88,1027513.44,605209.44
North America,United States,Snacks,Online,C,11/6/2014,785905344,11/18/2014,9807,146.68,91.52,1438490.76,897536.64,540954.12
Middle East and North Africa,Tunisia,Vegetables,Offline,C,4/9/2011,539760403,4/12/2011,1531,157.64,95.83,241346.84,146715.73,94631.11
Australia and Oceania,Vanuatu,Office Supplies,Online,L,11/8/2011,657873302,11/22/2011,2752,661.27,546.61,1819815.04,1504270.72,315544.32
Sub-Saharan Africa,Chad,Personal Care,Online,H,3/9/2016,888530673,4/5/2016,3540,81.92,56.41,289996.8,199691.4,90305.4
Sub-Saharan Africa,Kenya,Meat,Online,M,3/22/2014,840672516,4/11/2014,2827,445.69,344.44,1259965.63,973731.88,286233.75
Middle East and North Africa,Tunisia,Fruits,Offline,L,1/19/2013,822595957,2/16/2013,4655,8.99,6.9,41848.45,32119.5,9728.95
North America,Canada,Baby Food,Offline,M,5/10/2017,434545272,5/15/2017,2807,244.93,148.31,687518.51,416306.17,271212.34
Sub-Saharan Africa,Sao Tome and Principe,Fruits,Online,H,4/9/2016,966650352,4/12/2016,1791,9.45,6.95,16924.95,12447.45,4477.5
North America,Mexico,Fruits,Online,M,10/13/2011,212337356,10/16/2011,1484,9.59,6.59,14231.56,9779.56,4452.0
North America,Canada,Office Supplies,Online,M,10/16/2017,400104455,11/5/2017,5158,624.1,547.97,3219107.8,2826429.26,392678.54
Central America and the Caribbean,Belize,Beverages,Offline,L,8/6/2015,461896374,8/30/2015,3120,49.16,31.77,153379.2,99122.4,54256.8
Australia and Oceania,Fiji,Baby Food,Online,C,9/25/2017,693998499,10/2/2017,4842,262.25,161.65,1269814.5,782709.3,487105.2
Asia,Mongolia,Household,Offline,L,8/15/2010,952916525,8/20/2010,9025,695.9,533.85,6280497.5,4817996.25,1462501.25
North America,Canada,Snacks,Offline,C,9/14/2017,179412801,10/2/2017,7619,156.15,99.13,1189706.85,755271.47,434435.38
Asia,Malaysia,Meat,Offline,C,11/17/2016,109204353,11/26/2016,9246,444.89,386.07,4113452.94,3569603.22,543849.72
North America,Canada,Meat,Online,L,10/12/2014,836087268,11/9/2014,1915,412.04,381.92,789056.6,731376.8,57679.8
Europe,Norway,Meat,Online,H,1/1/2017,523640730,1/29/2017,6768,431.89,345.22,2923031.52,2336448.96,586582.56
Australia and Oceania,Federated States of Micronesia,Cosmetics,Online,C,7/1/2013,449560552,7/26/2013,4418,459.69,274.49,2030910.42,1212696.82,818213.6
Sub-Saharan Africa,Sao Tome and Principe,Office Supplies,Offline,H,11/23/2014,486652325,12/9/2014,4532,626.29,557.73,2838346.28,2527632.36,310713.92
North America,United States,Meat,Online,C,10/27/2017,369171688,11/23/2017,9707,437.32,352.15,4245065.24,3418320.05,826745.19
Sub-Saharan Africa,The Gambia,Household,Online,C,5/26/2016,952448434,6/15/2016,6447,699.18,515.96,4507613.46,3326394.12,1181219.34
Sub-Saharan Africa,Burkina Faso,Meat,Offline,L,7/7/2013,818526414,7/22/2013,8700,430.05,381.41,3741435.0,3318267.0,423168.0
Sub-Saharan Africa,Cape Verde,Meat,Offline,H,1/12/2016,962132853,2/3/2016,5970,427.72,341.9,2553488.4,2041143.0,512345.4
North America,United States,Cosmetics,Online,C,3/30/2015,394956105,4/14/2015,8506,463.49,262.11,3942445.94,2229507.66,1712938.28
North America,Canada,Snacks,Offline,L,6/16/2013,966281669,6/19/2013,9261,159.49,94.86,1477036.89,878498.46,598538.43
Australia and Oceania,New Zealand,Meat,Offline,L,4/16/2011,161198529,5/16/2011,5256,402.23,354.79,2114120.88,1864776.24,249344.64
Europe,Italy,Clothes,Offline,M,1/8/2017,457015799,2/5/2017,7047,112.88,33.96,795465.36,239316.12,556149.24
Asia,Laos,Fruits,Online,C,4/22/2017,874554353,5/12/2017,5414,9.38,7.4,50783.32,40063.6,10719.72
Central America and the Caribbean,Jamaica,Fruits,Online,L,10/3/2013,342490690,10/15/2013,2375,9.94,7.29,23607.5,17313.75,6293.75
Asia,Indonesia,Cereal,Online,L,1/13/2015,280244699,1/25/2015,3545,195.75,115.14,693933.75,408171.3,285762.45
Sub-Saharan Africa,Chad,Cosmetics,Online,L,4/13/2013,885471439,4/19/2013,7823,407.27,254.19,3186073.21,1988528.37,1197544.84
Central America and the Caribbean,Nicaragua,Clothes,Offline,L,3/24/2014,202385409,3/29/2014,2012,110.93,36.43,223191.16,73297.16,149894.0
Europe,Finland,Cereal,Online,L,12/9/2012,362265617,12/27/2012,9144,204.36,115.1,1868667.84,1052474.4,816193.44
Middle East and North Africa,Qatar,Vegetables,Online,L,5/9/2013,166408693,5/22/2013,9083,152.85,89.97,1388336.55,817197.51,571139.04
Central America and the Caribbean,Haiti,Office Supplies,Offline,H,11/21/2013,617097722,11/29/2013,7597,636.28,506.11,4833819.16,3844917.67,988901.49
Europe,Switzerland,Vegetables,Offline,L,2/23/2017,884768206,3/4/2017,8789,145.45,85.31,1278360.05,749789.59,528570.46
Middle East and North Africa,Jordan,Cereal,Offline,L,5/5/2010,856968241,5/25/2010,7025,211.81,114.33,1487965.25,803168.25,684797.0
Australia and Oceania,Samoa,Baby Food,Offline,L,4/19/2011,857162877,5/9/2011,9044,256.75,160.15,2322047.0,1448396.6,873650.4
North America,Mexico,Cereal,Offline,M,6/3/2010,828935956,6/22/2010,7129,202.67,116.69,1444834.43,831883.01,612951.42
Europe,Czech Republic,Snacks,Online,C,10/5/2011,462114660,10/9/2011,3726,162.98,93.62,607263.48,348828.12,258435.36
Asia,Myanmar,Cereal,Offline,C,5/28/2015,734504566,6/26/2015,9825,198.19,116.04,1947216.75,1140093.0,807123.75
Middle East and North Africa,Egypt,Personal Care,Online,H,2/25/2013,497673343,3/20/2013,8725,78.67,59.8,686395.75,521755.0,164640.75
Europe,Bulgaria,Household,Offline,H,9/16/2012,248031216,10/6/2012,3021,701.11,534.01,2118053.31,1613244.21,504809.1
Europe,Ukraine,Beverages,Offline,C,2/1/2013,542566963,2/4/2013,2754,48.02,32.52,132247.08,89560.08,42687.0
Asia,Sri Lanka,Personal Care,Online,H,6/14/2014,691241997,7/7/2014,8832,84.31,58.26,744625.92,514552.32,230073.6
Sub-Saharan Africa,Cote d'Ivoire,Beverages,Online,M,9/28/2017,206508466,10/16/2017,7342,44.64,30.02,327746.88,220406.84,107340.04
Central America and the Caribbean,Belize,Baby Food,Offline,L,5/19/2011,311993983,5/23/2011,1767,252.55,165.61,446255.85,292632.87,153622.98
Central America and the Caribbean,Belize,Cereal,Offline,C,10/15/2015,468556388,11/8/2015,6631,218.9,118.52,1451525.9,785906.12,665619.78
Asia,Japan,Beverages,Online,H,5/24/2014,148087627,5/29/2014,4760,46.79,33.0,222720.4,157080.0,65640.4
Sub-Saharan Africa,Kenya,Personal Care,Online,C,4/8/2013,787182423,5/6/2013,8539,76.56,54.08,653745.84,461789.12,191956.72
Asia,China,Personal Care,Offline,C,10/23/2011,207051229,10/28/2011,1904,81.04,58.79,154300.16,111936.16,42364.0
Europe,Malta,Beverages,Offline,C,1/18/2017,570577510,2/1/2017,8928,47.68,31.4,425687.04,280339.2,145347.84
Australia and Oceania,Fiji,Personal Care,Offline,C,7/20/2010,852924804,7/24/2010,3968,81.93,58.64,325098.24,232683.52,92414.72
Europe,Albania,Meat,Offline,L,8/15/2016,816525096,8/20/2016,8783,418.98,362.8,3679901.34,3186472.4,493428.94
North America,Canada,Snacks,Offline,C,6/7/2011,480306800,6/27/2011,839,157.99,93.54,132553.61,78480.06,54073.55
Central America and the Caribbean,Guatemala,Cosmetics,Offline,M,10/16/2016,685305401,10/31/2016,9362,417.36,251.17,3907324.32,2351453.54,1555870.78
Europe,Estonia,Meat,Offline,H,11/7/2010,286537257,11/29/2010,2272,425.03,373.44,965668.16,848455.68,117212.48
Sub-Saharan Africa,Zambia,Cereal,Offline,H,1/13/2011,857192070,1/31/2011,5248,215.6,118.49,1131468.8,621835.52,509633.28
Central America and the Caribbean,Nicaragua,Office Supplies,Offline,H,11/5/2015,107641826,12/3/2015,9777,678.81,558.39,6636725.37,5459379.03,1177346.34
Middle East and North Africa,Egypt,Household,Online,H,12/27/2014,657846001,1/16/2015,3450,668.92,497.28,2307774.0,1715616.0,592158.0
Europe,Ukraine,Snacks,Online,H,6/2/2016,773720476,6/13/2016,3144,146.18,96.57,459589.92,303616.08,155973.84
Sub-Saharan Africa,Sao Tome and Principe,Vegetables,Online,C,3/3/2011,197808156,3/30/2011,4962,161.29,87.06,800320.98,431991.72,368329.26
Middle East and North Africa,Kuwait,Beverages,Online,C,11/6/2010,769953394,11/14/2010,9781,50.65,33.81,495407.65,330695.61,164712.04
Australia and Oceania,Tuvalu,Vegetables,Offline,H,3/3/2014,586673928,3/6/2014,6249,144.31,94.39,901793.19,589843.11,311950.08
Australia and Oceania,New Zealand,Beverages,Offline,H,4/5/2016,622629995,4/29/2016,4242,46.32,33.77,196489.44,143252.34,53237.1
Central America and the Caribbean,Trinidad and Tobago,Vegetables,Offline,C,7/7/2015,750364707,7/31/2015,5068,161.71,91.46,819546.28,463519.28,356027.0
Europe,Slovakia,Clothes,Online,L,5/22/2011,363772711,5/30/2011,3881,102.2,34.87,396638.2,135330.47,261307.73
Central America and the Caribbean,Dominican Republic,Clothes,Online,M,11/23/2011,668508449,12/23/2011,3177,102.97,37.28,327135.69,118438.56,208697.13
Middle East and North Africa,Jordan,Household,Offline,C,12/15/2016,276314547,1/2/2017,8606,672.92,491.31,5791149.52,4228213.86,1562935.66
Sub-Saharan Africa,The Gambia,Vegetables,Online,L,12/30/2010,834076192,1/11/2011,7259,149.38,90.69,1084349.42,658318.71,426030.71
Central America and the Caribbean,Costa Rica,Vegetables,Offline,L,6/27/2016,285717382,7/17/2016,455,158.67,90.11,72194.85,41000.05,31194.8
Central America and the Caribbean,Jamaica,Cosmetics,Online,L,7/23/2017,869326505,8/21/2017,893,424.81,248.28,379355.33,221714.04,157641.29
Australia and Oceania,Papua New Guinea,Cereal,Offline,M,11/10/2011,124576240,11/25/2011,5937,210.08,121.98,1247244.96,724195.26,523049.7
North America,Mexico,Baby Food,Offline,M,9/17/2012,866587318,10/16/2012,8549,253.92,165.6,2170762.08,1415714.4,755047.68
Australia and Oceania,Vanuatu,Office Supplies,Online,M,11/6/2010,994039565,11/17/2010,2505,635.47,510.84,1591852.35,1279654.2,312198.15
Sub-Saharan Africa,Cote d'Ivoire,Fruits,Online,C,5/17/2016,580196161,5/20/2016,3626,9.6,7.18,34809.6,26034.68,8774.92
Asia,Mongolia,Office Supplies,Offline,H,6/6/2011,698177550,7/5/2011,6362,656.64,504.73,4177543.68,3211092.26,966451.42
Sub-Saharan Africa,Cape Verde,Office Supplies,Offline,M,5/22/2013,300461642,6/16/2013,8692,612.41,493.08,5323067.72,4285851.36,1037216.36
Sub-Saharan Africa,The Gambia,Personal Care,Online,C,4/24/2014,533031071,5/20/2014,7385,81.34,60.4,600695.9,446054.0,154641.9
Central America and the Caribbean,Panama,Cosmetics,Offline,C,2/19/2017,379213077,3/19/2017,9631,464.92,273.43,4477644.52,2633404.33,1844240.19
Asia,Indonesia,Personal Care,Offline,H,10/29/2017,769189187,11/6/2017,1772,83.75,52.88,148405.0,93703.36,54701.64
Asia,Pakistan,Baby Food,Offline,L,10/3/2015,372570374,10/24/2015,3663,263.25,152.81,964284.75,559743.03,404541.72
Sub-Saharan Africa,Kenya,Household,Offline,L,11/11/2012,471992986,12/10/2012,540,667.42,504.5,360406.8,272430.0,87976.8
Asia,Japan,Cereal,Online,C,6/13/2011,540403589,6/30/2011,7936,202.88,116.23,1610055.68,922401.28,687654.4
Middle East and North Africa,Iraq,Personal Care,Online,M,8/7/2014,847606374,8/17/2014,3326,84.67,57.49,281612.42,191211.74,90400.68
Europe,Moldova,Snacks,Offline,H,12/25/2015,165403567,1/4/2016,2271,162.88,91.59,369900.48,208000.89,161899.59
Middle East and North Africa,Jordan,Personal Care,Online,H,5/20/2016,907500726,6/8/2016,7529,82.8,58.15,623401.2,437811.35,185589.85
Sub-Saharan Africa,South Sudan,Vegetables,Online,H,6/15/2016,934271146,7/12/2016,2039,159.55,96.55,325322.45,196865.45,128457.0
Australia and Oceania,Fiji,Meat,Offline,H,9/10/2012,934422373,9/20/2012,5130,424.33,341.03,2176812.9,1749483.9,427329.0
North America,Mexico,Vegetables,Online,H,2/26/2010,762019184,3/27/2010,2471,147.72,89.03,365016.12,219993.13,145022.99
Australia and Oceania,Fiji,Clothes,Offline,H,3/4/2017,962339561,4/3/2017,3002,112.99,37.93,339195.98,113865.86,225330.12
Asia,Nepal,Cereal,Online,H,5/14/2017,813778368,5/27/2017,2085,204.47,119.82,426319.95,249824.7,176495.25
Europe,Austria,Fruits,Offline,C,3/29/2015,499366054,4/23/2015,891,8.71,7.17,7760.61,6388.47,1372.14
Sub-Saharan Africa,Zambia,Household,Offline,C,1/27/2011,578350485,2/8/2011,6458,639.69,501.27,4131118.02,3237201.66,893916.36
Sub-Saharan Africa,Cameroon,Snacks,Online,M,5/31/2013,756707596,6/22/2013,2967,158.05,101.77,468934.35,301951.59,166982.76
Australia and Oceania,Samoa,Snacks,Offline,L,10/13/2015,797485514,10/21/2015,7787,145.68,97.96,1134410.16,762814.52,371595.64
Middle East and North Africa,Egypt,Clothes,Offline,M,4/26/2017,976567563,5/4/2017,3042,102.89,37.58,312991.38,114318.36,198673.02
Europe,Moldova,Snacks,Online,C,3/6/2013,778445624,3/26/2013,6582,157.79,92.97,1038573.78,611928.54,426645.24
Sub-Saharan Africa,Ghana,Cereal,Online,C,8/29/2015,121308593,9/9/2015,1457,219.28,117.21,319490.96,170774.97,148715.99
Australia and Oceania,Papua New Guinea,Meat,Offline,M,7/20/2015,587139317,8/19/2015,4525,425.49,352.44,1925342.25,1594791.0,330551.25
Asia,Turkmenistan,Vegetables,Online,M,8/18/2015,870533967,9/13/2015,298,146.62,94.42,43692.76,28137.16,15555.6
Europe,Hungary,Cereal,Online,C,11/28/2010,551188693,12/27/2010,8470,196.49,116.27,1664270.3,984806.9,679463.4
Central America and the Caribbean,Jamaica,Snacks,Offline,L,11/21/2015,870142481,12/13/2015,9606,158.55,91.27,1523031.3,876739.62,646291.68
Central America and the Caribbean,Dominican Republic,Personal Care,Offline,H,6/3/2017,395465690,6/7/2017,6178,79.56,54.32,491521.68,335588.96,155932.72
North America,United States,Office Supplies,Online,M,9/2/2017,736085765,9/16/2017,3633,649.0,500.69,2357817.0,1819006.77,538810.23
Australia and Oceania,Solomon Islands,Meat,Online,C,4/10/2010,442159083,4/27/2010,4399,447.16,390.01,1967056.84,1715653.99,251402.85
Europe,Spain,Clothes,Online,L,1/24/2010,592534096,2/20/2010,7958,111.11,36.86,884213.38,293331.88,590881.5
Sub-Saharan Africa,Guinea,Vegetables,Offline,M,4/27/2017,421470004,5/1/2017,3396,143.82,93.66,488412.72,318069.36,170343.36
Sub-Saharan Africa,Benin,Household,Online,M,2/8/2010,760839004,2/23/2010,7792,710.3,475.33,5534657.6,3703771.36,1830886.24
Australia and Oceania,New Zealand,Cosmetics,Offline,M,7/13/2012,634690641,7/25/2012,4000,448.98,270.03,1795920.0,1080120.0,715800.0
Australia and Oceania,New Zealand,Clothes,Offline,M,9/27/2010,673467950,10/12/2010,5371,111.81,35.27,600531.51,189435.17,411096.34
Middle East and North Africa,Libya,Cosmetics,Online,C,8/31/2010,344758700,9/26/2010,4707,450.98,276.7,2122762.86,1302426.9,820335.96
Middle East and North Africa,Morocco,Household,Offline,L,6/8/2016,698593401,6/14/2016,1117,696.87,473.77,778403.79,529201.09,249202.7
Australia and Oceania,Australia,Household,Online,L,10/11/2014,168013684,10/17/2014,3179,679.81,487.28,2161115.99,1549063.12,612052.87
Europe,Iceland,Cosmetics,Online,M,6/19/2010,562967822,6/27/2010,5256,463.88,270.87,2438153.28,1423692.72,1014460.56
Europe,Slovakia,Cereal,Offline,L,10/3/2011,368481156,10/6/2011,1177,200.25,110.21,235694.25,129717.17,105977.08
Australia and Oceania,Solomon Islands,Cosmetics,Offline,C,1/17/2015,870603146,2/3/2015,5855,435.38,245.23,2549149.9,1435821.65,1113328.25
Central America and the Caribbean,Honduras,Fruits,Online,L,3/12/2010,815244441,4/3/2010,5391,8.98,6.49,48411.18,34987.59,13423.59
Australia and Oceania,Tuvalu,Baby Food,Online,M,7/7/2014,867095564,7/11/2014,6717,271.82,167.89,1825814.94,1127717.13,698097.81
Sub-Saharan Africa,Angola,Baby Food,Online,H,8/16/2012,380480479,9/7/2012,8130,246.82,148.56,2006646.6,1207792.8,798853.8
North America,Mexico,Fruits,Online,M,7/3/2010,848778564,7/27/2010,6939,9.5,7.25,65920.5,50307.75,15612.75
Middle East and North Africa,Pakistan,Personal Care,Online,L,4/26/2012,436564298,5/12/2012,6105,85.41,60.13,521428.05,367093.65,154334.4
Central America and the Caribbean,Trinidad and Tobago,Meat,Online,M,3/17/2011,170482431,3/26/2011,8724,400.34,339.29,3492566.16,2959965.96,532600.2
North America,Mexico,Beverages,Offline,M,6/9/2010,784914407,6/24/2010,9289,49.61,33.8,460827.29,313968.2,146859.09
Europe,Netherlands,Cereal,Online,M,3/9/2011,937792363,3/17/2011,6510,213.22,116.55,1388062.2,758740.5,629321.7
Asia,Nepal,Clothes,Online,M,10/28/2016,827566240,11/22/2016,3711,115.96,37.12,430327.56,137752.32,292575.24
Sub-Saharan Africa,Republic of the Congo,Vegetables,Offline,L,7/2/2015,731919712,7/15/2015,3486,153.88,88.1,536425.68,307116.6,229309.08
Asia,Kyrgyzstan,Fruits,Online,L,4/3/2011,131940536,4/28/2011,6427,8.83,7.32,56750.41,47045.64,9704.77
Middle East and North Africa,Algeria,Baby Food,Online,M,2/23/2016,108626907,3/22/2016,2671,258.72,167.82,691041.12,448247.22,242793.9
Europe,Belgium,Vegetables,Offline,C,5/1/2010,759862787,5/6/2010,4159,153.95,85.55,640278.05,355802.45,284475.6
Asia,Pakistan,Baby Food,Online,M,1/3/2012,675034821,1/31/2012,1227,250.95,167.58,307915.65,205620.66,102294.99
Europe,Czech Republic,Cereal,Offline,C,5/9/2010,812137800,6/3/2010,1027,213.12,122.23,218874.24,125530.21,93344.03
Central America and the Caribbean,Guatemala,Clothes,Offline,C,6/15/2010,162717993,6/23/2010,144,114.44,38.23,16479.36,5505.12,10974.24
Europe,Sweden,Clothes,Offline,M,12/26/2011,498905684,1/16/2012,4444,112.32,37.46,499150.08,166472.24,332677.84
Sub-Saharan Africa,Liberia,Fruits,Online,H,8/19/2012,991271220,8/22/2012,5441,9.52,7.33,51798.32,39882.53,11915.79
Australia and Oceania,Kiribati,Beverages,Online,H,7/31/2014,955880385,8/25/2014,1958,50.1,32.87,98095.8,64359.46,33736.34
Asia,Sri Lanka,Cereal,Offline,M,6/7/2017,329440385,6/20/2017,9348,205.15,125.2,1917742.2,1170369.6,747372.6
North America,Mexico,Household,Online,C,1/30/2015,906373736,2/22/2015,4853,714.26,519.71,3466303.78,2522152.63,944151.15
Europe,Denmark,Vegetables,Online,L,11/18/2010,491005190,12/10/2010,3284,150.51,92.98,494274.84,305346.32,188928.52
Australia and Oceania,New Zealand,Meat,Offline,C,4/2/2016,176606550,4/21/2016,4836,438.1,368.15,2118651.6,1780373.4,338278.2
Australia and Oceania,Vanuatu,Clothes,Online,C,3/19/2015,884404665,3/29/2015,4975,108.05,35.05,537548.75,174373.75,363175.0
Australia and Oceania,Solomon Islands,Personal Care,Online,L,9/27/2012,542260349,10/9/2012,3979,76.61,55.41,304831.19,220476.39,84354.8
Asia,China,Baby Food,Offline,L,11/4/2014,347149863,11/13/2014,4453,244.92,169.57,1090628.76,755095.21,335533.55
Europe,Germany,Personal Care,Online,L,12/23/2016,734699435,1/3/2017,9279,82.74,60.4,767744.46,560451.6,207292.86
Sub-Saharan Africa,Mali,Vegetables,Online,C,1/15/2016,691842134,2/8/2016,3625,155.31,87.07,562998.75,315628.75,247370.0
North America,Canada,Fruits,Offline,L,4/13/2014,691141168,5/10/2014,822,8.7,6.5,7151.4,5343.0,1808.4
Australia and Oceania,Solomon Islands,Office Supplies,Online,L,1/8/2013,496855965,1/19/2013,294,627.31,549.02,184429.14,161411.88,23017.26
Sub-Saharan Africa,Djibouti,Fruits,Offline,L,2/20/2013,188225925,3/14/2013,3406,9.44,6.5,32152.64,22139.0,10013.64
Europe,Netherlands,Snacks,Online,C,10/13/2013,965990223,11/8/2013,8953,152.07,92.93,1361482.71,832002.29,529480.42
Middle East and North Africa,Pakistan,Meat,Offline,C,8/1/2016,463899741,8/31/2016,8092,393.79,379.55,3186548.68,3071318.6,115230.08
Australia and Oceania,Federated States of Micronesia,Vegetables,Online,C,1/2/2010,221585273,1/10/2010,1539,162.13,91.19,249518.07,140341.41,109176.66
Asia,India,Cosmetics,Online,M,2/12/2013,428603780,2/16/2013,5526,457.76,266.62,2529581.76,1473342.12,1056239.64
Australia and Oceania,Tuvalu,Vegetables,Online,L,1/29/2013,675165275,2/4/2013,7283,154.22,85.53,1123184.26,622914.99,500269.27
Middle East and North Africa,Libya,Fruits,Online,M,12/4/2011,863831766,12/28/2011,6948,8.79,7.34,61072.92,50998.32,10074.6
Australia and Oceania,Fiji,Snacks,Offline,L,11/6/2012,102171510,11/20/2012,6525,148.73,98.32,970463.25,641538.0,328925.25
Australia and Oceania,New Zealand,Cosmetics,Online,L,6/27/2011,544483306,7/4/2011,8622,413.41,267.79,3564421.02,2308885.38,1255535.64
Middle East and North Africa,Tunisia,Office Supplies,Online,M,10/23/2010,363629976,11/19/2010,993,644.67,533.19,640157.31,529457.67,110699.64
Asia,Nepal,Beverages,Online,C,3/26/2015,971943890,4/5/2015,6909,48.44,31.83,334671.96,219913.47,114758.49
Sub-Saharan Africa,Sierra Leone,Personal Care,Online,M,3/16/2010,979107286,3/23/2010,8978,84.91,55.84,762321.98,501331.52,260990.46
Australia and Oceania,Federated States of Micronesia,Household,Offline,M,4/19/2017,818017857,5/14/2017,9685,683.95,530.04,6624055.75,5133437.4,1490618.35
Middle East and North Africa,Oman,Beverages,Online,L,3/8/2014,135075139,3/19/2014,8745,50.1,32.94,438124.5,288060.3,150064.2
Middle East and North Africa,Yemen,Office Supplies,Online,L,11/25/2013,831774544,12/10/2013,3455,692.96,511.63,2394176.8,1767681.65,626495.15
Asia,China,Cosmetics,Online,C,5/18/2017,853889608,6/13/2017,5751,436.92,277.84,2512726.92,1597857.84,914869.08
Europe,Poland,Personal Care,Online,L,10/1/2012,952112663,10/28/2012,8441,83.83,57.36,707609.03,484175.76,223433.27
Australia and Oceania,Australia,Clothes,Offline,C,8/29/2013,452977886,9/8/2013,9857,111.09,37.43,1095014.13,368947.51,726066.62
Asia,China,Office Supplies,Online,M,1/21/2013,387122662,2/13/2013,8102,633.03,549.16,5128809.06,4449294.32,679514.74
Middle East and North Africa,Algeria,Personal Care,Online,H,11/7/2015,675315666,11/13/2015,7814,81.1,53.73,633715.4,419846.22,213869.18
Central America and the Caribbean,Panama,Office Supplies,Offline,M,8/31/2011,541050934,9/3/2011,9030,679.9,559.37,6139497.0,5051111.1,1088385.9
Central America and the Caribbean,Cuba,Clothes,Online,M,10/8/2017,158668467,10/21/2017,4847,106.93,34.04,518289.71,164991.88,353297.83
Australia and Oceania,Australia,Cosmetics,Online,M,1/6/2010,305589025,1/25/2010,7186,416.33,276.1,2991747.38,1984054.6,1007692.78
Australia and Oceania,Papua New Guinea,Baby Food,Online,H,11/11/2017,847149132,12/1/2017,2237,239.08,166.47,534821.96,372393.39,162428.57
Europe,Czech Republic,Cereal,Offline,L,2/12/2013,692656942,3/9/2013,8408,216.02,118.16,1816296.16,993489.28,822806.88
North America,United States,Meat,Online,L,2/3/2015,170333936,2/10/2015,7241,396.97,347.6,2874459.77,2516971.6,357488.17
Middle East and North Africa,Yemen,Vegetables,Offline,L,12/21/2015,790525133,1/20/2016,8215,152.38,95.11,1251801.7,781328.65,470473.05
Central America and the Caribbean,Grenada,Beverages,Offline,C,2/15/2010,319881420,3/8/2010,9786,48.24,30.84,472076.64,301800.24,170276.4
Australia and Oceania,Vanuatu,Household,Online,M,1/22/2012,623608764,2/20/2012,1350,646.29,498.86,872491.5,673461.0,199030.5
Asia,Malaysia,Clothes,Online,H,1/8/2014,677497502,2/4/2014,8588,108.56,35.27,932313.28,302898.76,629414.52
Australia and Oceania,Tuvalu,Snacks,Offline,L,2/23/2015,153254725,3/15/2015,7949,144.81,103.6,1151094.69,823516.4,327578.29
Sub-Saharan Africa,Sierra Leone,Beverages,Online,M,2/19/2013,782922538,3/21/2013,3121,45.93,31.44,143347.53,98124.24,45223.29
Central America and the Caribbean,Nicaragua,Fruits,Online,M,2/15/2017,893175572,2/26/2017,7249,9.84,6.7,71330.16,48568.3,22761.86
Middle East and North Africa,Syria,Office Supplies,Online,H,1/5/2014,749631320,1/28/2014,3025,643.7,500.1,1947192.5,1512802.5,434390.0
Asia,Philippines,Office Supplies,Online,M,1/17/2012,189908812,2/5/2012,916,636.29,550.0,582841.64,503800.0,79041.64
Sub-Saharan Africa,Comoros,Meat,Offline,L,6/18/2016,847269682,6/23/2016,974,402.73,387.55,392259.02,377473.7,14785.32
Europe,Austria,Baby Food,Online,M,4/5/2012,984415510,4/16/2012,6273,242.77,159.59,1522896.21,1001108.07,521788.14
Sub-Saharan Africa,Democratic Republic of the Congo,Meat,Offline,L,7/22/2016,865234885,8/5/2016,3452,408.09,362.12,1408726.68,1250038.24,158688.44
Sub-Saharan Africa,Ethiopia,Household,Online,H,4/4/2016,503178341,5/4/2016,4316,635.5,519.13,2742818.0,2240565.08,502252.92
Sub-Saharan Africa,Nigeria,Personal Care,Online,M,4/26/2010,207667400,5/5/2010,5376,86.11,54.22,462927.36,291486.72,171440.64
Asia,Laos,Beverages,Online,M,2/27/2012,847966558,3/11/2012,3156,46.49,33.66,146722.44,106230.96,40491.48
Asia,Pakistan,Clothes,Online,L,10/1/2015,958212007,10/15/2015,880,115.62,33.34,101745.6,29339.2,72406.4
Europe,Slovakia,Snacks,Online,H,12/19/2010,768302260,1/7/2011,9152,144.44,97.37,1321914.88,891130.24,430784.64
Sub-Saharan Africa,Liberia,Office Supplies,Offline,H,7/30/2017,497113177,8/3/2017,6715,695.69,519.85,4671558.35,3490792.75,1180765.6
Australia and Oceania,Papua New Guinea,Personal Care,Online,C,8/3/2015,395812178,8/28/2015,9742,78.0,60.3,759876.0,587442.6,172433.4
North America,United States,Snacks,Online,H,12/29/2014,116800740,1/27/2015,5669,156.88,101.07,889352.72,572965.83,316386.89
Middle East and North Africa,Algeria,Household,Online,H,10/7/2014,364485613,11/2/2014,4013,680.22,512.51,2729722.86,2056702.63,673020.23
Asia,Nepal,Cosmetics,Offline,M,5/1/2013,859102750,5/14/2013,4315,411.22,264.4,1774414.3,1140886.0,633528.3
Sub-Saharan Africa,The Gambia,Household,Online,H,6/4/2012,722920021,7/1/2012,8986,671.07,503.74,6030235.02,4526607.64,1503627.38
Asia,Mongolia,Office Supplies,Offline,M,2/2/2014,164861122,2/19/2014,7826,617.57,488.38,4833102.82,3822061.88,1011040.94
Australia and Oceania,Vanuatu,Meat,Online,L,10/30/2017,478881586,11/16/2017,4567,409.36,344.85,1869547.12,1574929.95,294617.17
Australia and Oceania,Papua New Guinea,Beverages,Online,M,3/2/2016,346491319,3/5/2016,2226,47.79,32.65,106380.54,72678.9,33701.64
North America,Mexico,Beverages,Offline,L,12/12/2010,622030915,1/10/2011,7422,44.76,32.65,332208.72,242328.3,89880.42
Sub-Saharan Africa,Niger,Vegetables,Offline,M,12/30/2014,720448975,1/18/2015,6965,149.16,97.24,1038899.4,677276.6,361622.8
Central America and the Caribbean,Haiti,Vegetables,Online,L,7/18/2017,990900857,7/30/2017,973,152.8,94.37,148674.4,91822.01,56852.39
Middle East and North Africa,Qatar,Household,Online,H,1/6/2014,696232516,1/30/2014,1086,692.66,513.46,752228.76,557617.56,194611.2
Asia,Cambodia,Office Supplies,Offline,M,4/13/2015,210399872,5/5/2015,9532,660.35,502.99,6294456.2,4794500.68,1499955.52
Europe,Czech Republic,Baby Food,Offline,H,2/27/2011,265116239,3/10/2011,414,237.77,167.19,98436.78,69216.66,29220.12
Central America and the Caribbean,Jamaica,Fruits,Offline,M,12/16/2015,109868935,1/14/2016,8899,8.97,7.37,79824.03,65585.63,14238.4
Central America and the Caribbean,Panama,Fruits,Offline,M,6/22/2013,557328394,7/18/2013,2553,9.44,6.72,24100.32,17156.16,6944.16
Europe,Moldova,Beverages,Offline,L,5/29/2012,213136210,6/3/2012,3791,47.27,32.24,179200.57,122221.84,56978.73
Europe,Spain,Fruits,Online,H,2/21/2016,684087414,3/4/2016,2090,9.13,7.16,19081.7,14964.4,4117.3
Central America and the Caribbean,Panama,Personal Care,Offline,M,4/2/2017,404659235,4/27/2017,9731,82.41,57.38,801931.71,558364.78,243566.93
Australia and Oceania,Federated States of Micronesia,Snacks,Online,H,3/22/2013,298016603,4/17/2013,8462,162.92,98.37,1378629.04,832406.94,546222.1
Sub-Saharan Africa,Burkina Faso,Snacks,Offline,M,12/26/2015,298891750,1/17/2016,3714,163.22,97.35,606199.08,361557.9,244641.18
North America,Canada,Household,Online,M,1/21/2011,212544352,1/26/2011,9860,623.54,480.35,6148104.4,4736251.0,1411853.4
Europe,Spain,Vegetables,Offline,C,3/14/2016,639832371,3/23/2016,4240,155.02,86.9,657284.8,368456.0,288828.8
Europe,Moldova,Household,Offline,H,8/18/2011,213564686,9/13/2011,8854,667.99,537.67,5914383.46,4760530.18,1153853.28
Sub-Saharan Africa,Cape Verde,Baby Food,Online,M,8/3/2015,301196369,8/13/2015,2282,271.13,170.36,618718.66,388761.52,229957.14
Central America and the Caribbean,Guatemala,Baby Food,Online,M,2/9/2013,438513643,2/14/2013,5587,245.26,149.7,1370267.62,836373.9,533893.72
Asia,Mongolia,Household,Online,L,3/23/2014,191107824,3/30/2014,7099,661.17,520.75,4693645.83,3696804.25,996841.58
Australia and Oceania,Solomon Islands,Clothes,Online,L,4/26/2011,332841398,5/9/2011,6067,114.07,38.22,692062.69,231880.74,460181.95
Sub-Saharan Africa,Madagascar,Office Supplies,Online,L,10/31/2015,626563801,11/26/2015,5066,663.08,513.97,3359163.28,2603772.02,755391.26
North America,United States,Clothes,Online,H,2/6/2016,941941900,3/7/2016,505,110.5,37.62,55802.5,18998.1,36804.4
Australia and Oceania,Tuvalu,Clothes,Online,C,11/17/2013,815999549,12/14/2013,7924,102.23,34.56,810070.52,273853.44,536217.08
Sub-Saharan Africa,Mali,Office Supplies,Offline,C,8/28/2017,977281659,9/17/2017,7981,674.68,506.09,5384621.08,4039104.29,1345516.79
Central America and the Caribbean,Mexico,Clothes,Offline,H,10/16/2013,613764249,11/1/2013,839,103.58,37.72,86903.62,31647.08,55256.54
Asia,Malaysia,Baby Food,Online,H,5/2/2010,887910244,5/10/2010,2501,268.1,167.22,670518.1,418217.22,252300.88
North America,Canada,Personal Care,Online,H,2/1/2017,177635515,2/9/2017,9508,77.0,57.48,732116.0,546519.84,185596.16
Central America and the Caribbean,Nicaragua,Meat,Online,H,4/8/2012,238035712,4/22/2012,3540,450.88,379.57,1596115.2,1343677.8,252437.4
Australia and Oceania,Vanuatu,Vegetables,Offline,C,1/26/2015,762888254,2/10/2015,9825,158.48,84.98,1557066.0,834928.5,722137.5
Asia,Laos,Vegetables,Online,L,11/7/2013,447690961,11/25/2013,9205,156.27,94.26,1438465.35,867663.3,570802.05
Asia,Pakistan,Meat,Offline,M,10/8/2013,681322697,10/17/2013,2748,403.9,340.29,1109917.2,935116.92,174800.28
Middle East and North Africa,Bahrain,Cereal,Online,H,10/18/2014,416468991,10/29/2014,5258,193.36,120.26,1016686.88,632327.08,384359.8
North America,United States,Beverages,Online,M,3/26/2011,927771190,4/10/2011,9652,46.65,33.7,450265.8,325272.4,124993.4
Europe,Italy,Fruits,Online,H,2/22/2014,827594427,3/6/2014,3740,8.72,6.78,32612.8,25357.2,7255.6
Asia,Sri Lanka,Baby Food,Offline,C,3/16/2011,431116485,4/9/2011,5539,258.68,161.3,1432828.52,893440.7,539387.82
Central America and the Caribbean,Jamaica,Beverages,Online,C,2/25/2017,604620605,3/16/2017,5332,45.13,31.08,240633.16,165718.56,74914.6
Asia,Thailand,Beverages,Offline,L,4/13/2015,278122941,5/7/2015,5494,46.81,32.21,257174.14,176961.74,80212.4
Asia,Kyrgyzstan,Beverages,Offline,H,10/11/2011,618659670,10/28/2011,2783,48.32,29.63,134474.56,82460.29,52014.27
Asia,Vietnam,Office Supplies,Online,C,6/4/2015,255918821,6/27/2015,2560,665.95,517.7,1704832.0,1325312.0,379520.0
Central America and the Caribbean,Nicaragua,Cereal,Offline,M,3/14/2016,884286057,3/30/2016,3070,218.93,109.66,672115.1,336656.2,335458.9
North America,Canada,Cereal,Offline,H,2/9/2014,803918928,3/2/2014,4883,204.72,118.09,999647.76,576633.47,423014.29
North America,United States,Baby Food,Online,L,10/6/2013,406287975,10/14/2013,2339,269.13,152.37,629495.07,356393.43,273101.64
Central America and the Caribbean,Cuba,Cereal,Online,H,6/24/2010,254658534,7/8/2010,8473,217.8,122.58,1845419.4,1038620.34,806799.06
Europe,Greece,Cosmetics,Offline,C,4/13/2014,152822009,5/10/2014,2720,464.24,245.86,1262732.8,668739.2,593993.6
Asia,Indonesia,Personal Care,Offline,H,9/6/2010,643500047,9/27/2010,2389,84.48,58.68,201822.72,140186.52,61636.2
Middle East and North Africa,Iraq,Vegetables,Online,L,5/7/2012,352006399,6/5/2012,201,144.05,95.18,28954.05,19131.18,9822.87
North America,Mexico,Beverages,Offline,M,4/2/2017,197594580,4/14/2017,7694,45.53,31.83,350307.82,244900.02,105407.8
Sub-Saharan Africa,Sao Tome and Principe,Office Supplies,Offline,L,4/5/2011,786577359,4/10/2011,4018,692.9,503.79,2784072.2,2024228.22,759843.98
Asia,Thailand,Personal Care,Offline,C,10/26/2011,659498626,11/13/2011,879,76.76,56.32,67472.04,49505.28,17966.76
Europe,Austria,Fruits,Online,C,3/11/2012,366663815,4/1/2012,2406,9.58,6.64,23049.48,15975.84,7073.64
Middle East and North Africa,Saudi Arabia,Meat,Online,H,4/25/2011,947480070,5/17/2011,9332,435.54,374.65,4064459.28,3496233.8,568225.48
Australia and Oceania,Tuvalu,Personal Care,Online,C,3/3/2014,831690802,3/8/2014,9753,78.7,55.43,767561.1,540608.79,226952.31
Central America and the Caribbean,Grenada,Cosmetics,Online,L,8/13/2016,173600211,8/23/2016,8003,457.39,245.89,3660492.17,1967857.67,1692634.5
Sub-Saharan Africa,Zambia,Snacks,Online,H,1/19/2014,385363255,2/9/2014,8835,142.36,94.17,1257750.6,831991.95,425758.65
Central America and the Caribbean,Cuba,Vegetables,Online,C,3/19/2014,701827719,4/4/2014,6840,148.3,90.69,1014372.0,620319.6,394052.4
North America,United States,Beverages,Online,C,1/6/2010,969990852,1/22/2010,7180,47.11,31.15,338249.8,223657.0,114592.8
Europe,France,Office Supplies,Offline,M,4/21/2015,376669413,5/2/2015,8946,674.71,547.88,6035955.66,4901334.48,1134621.18
North America,Mexico,Cosmetics,Offline,H,12/10/2013,956981484,12/16/2013,9624,464.23,274.11,4467749.52,2638034.64,1829714.88
Middle East and North Africa,Egypt,Clothes,Offline,C,11/5/2012,552766959,11/21/2012,1913,112.65,35.62,215499.45,68141.06,147358.39
Sub-Saharan Africa,Angola,Fruits,Offline,C,2/14/2016,705733613,3/13/2016,6091,9.75,7.22,59387.25,43977.02,15410.23
Central America and the Caribbean,Cuba,Cereal,Offline,M,10/15/2017,164000256,11/7/2017,8029,197.59,111.07,1586450.11,891781.03,694669.08
Central America and the Caribbean,Nicaragua,Vegetables,Online,L,11/25/2011,928792104,12/8/2011,8625,152.0,89.26,1311000.0,769867.5,541132.5
Europe,Sweden,Office Supplies,Offline,H,4/20/2010,414920970,4/27/2010,4800,610.39,501.88,2929872.0,2409024.0,520848.0
Middle East and North Africa,Libya,Snacks,Offline,L,2/3/2012,634417553,2/22/2012,8387,162.56,96.39,1363390.72,808422.93,554967.79
Sub-Saharan Africa,Gabon,Cosmetics,Online,C,5/11/2011,242828316,5/22/2011,9644,451.56,278.06,4354844.64,2681610.64,1673234.0
Europe,Hungary,Beverages,Offline,L,2/6/2012,995217571,2/25/2012,8619,46.01,33.8,396560.19,291322.2,105237.99
Central America and the Caribbean,Mexico,Cereal,Online,L,9/21/2014,363546519,10/4/2014,8996,211.98,123.26,1906972.08,1108846.96,798125.12
Europe,Albania,Office Supplies,Online,C,1/15/2015,288869293,1/31/2015,8302,687.28,536.47,5705798.56,4453773.94,1252024.62
Europe,San Marino,Fruits,Offline,C,10/30/2010,231973265,11/10/2010,3166,9.66,6.57,30583.56,20800.62,9782.94
Asia,Vietnam,Meat,Offline,L,1/23/2017,796433204,2/1/2017,7252,413.77,343.82,3000660.04,2493382.64,507277.4
Middle East and North Africa,Israel,Office Supplies,Online,L,6/10/2017,277404613,7/9/2017,5839,672.31,518.67,3925618.09,3028514.13,897103.96
North America,Canada,Fruits,Offline,M,2/7/2013,155445467,2/20/2013,8253,9.85,6.77,81292.05,55872.81,25419.24
Europe,Hungary,Baby Food,Online,H,12/29/2014,444209021,1/19/2015,4348,245.55,167.53,1067651.4,728420.44,339230.96
Australia and Oceania,Australia,Baby Food,Offline,C,7/7/2011,796859894,7/22/2011,8392,269.11,164.17,2258371.12,1377714.64,880656.48
Europe,Croatia,Beverages,Offline,H,9/29/2013,886907237,10/13/2013,1616,45.91,33.41,74190.56,53990.56,20200.0
Middle East and North Africa,Qatar,Personal Care,Online,C,4/9/2010,191602603,5/2/2010,2869,85.48,52.91,245242.12,151798.79,93443.33
North America,Canada,Vegetables,Online,M,1/9/2012,482873200,2/3/2012,687,147.04,93.21,101016.48,64035.27,36981.21
Europe,France,Baby Food,Offline,M,4/6/2011,139397823,5/4/2011,3900,239.2,152.31,932880.0,594009.0,338871.0
Asia,Mongolia,Cereal,Online,C,12/26/2012,520031646,1/18/2013,5934,218.63,123.08,1297350.42,730356.72,566993.7
Sub-Saharan Africa,Ethiopia,Meat,Online,C,8/4/2014,819946845,8/19/2014,5155,440.56,357.01,2271086.8,1840386.55,430700.25
Asia,South Korea,Cereal,Offline,L,10/18/2011,536441413,11/13/2011,4841,201.99,112.15,977833.59,542918.15,434915.44
Central America and the Caribbean,Jamaica,Vegetables,Online,H,11/17/2015,600815334,12/17/2015,7037,161.95,97.11,1139642.15,683363.07,456279.08
Europe,Slovenia,Clothes,Offline,M,8/11/2013,668529981,8/17/2013,3091,112.76,33.8,348541.16,104475.8,244065.36
Asia,Turkmenistan,Clothes,Offline,M,8/28/2014,851460565,9/17/2014,4309,105.84,37.42,456064.56,161242.78,294821.78
Australia and Oceania,New Zealand,Vegetables,Online,C,5/9/2012,342486708,5/20/2012,1571,157.56,87.63,247526.76,137666.73,109860.03
Europe,Italy,Cosmetics,Offline,M,5/22/2012,293326037,5/31/2012,7700,421.45,254.59,3245165.0,1960343.0,1284822.0
Middle East and North Africa,Israel,Household,Online,L,7/2/2015,469852509,7/17/2015,8657,670.2,527.73,5801921.4,4568558.61,1233362.79
Asia,Sri Lanka,Snacks,Offline,C,1/12/2017,285249547,1/28/2017,847,154.13,90.65,130548.11,76780.55,53767.56
Central America and the Caribbean,Costa Rica,Beverages,Online,C,3/11/2013,815958079,3/29/2013,6557,45.47,33.95,298146.79,222610.15,75536.64
Middle East and North Africa,Kuwait,Vegetables,Online,M,7/26/2017,775274643,8/10/2017,2657,144.59,91.1,384175.63,242052.7,142122.93
Sub-Saharan Africa,Rwanda,Meat,Online,H,11/18/2016,901364261,11/25/2016,148,439.7,348.36,65075.6,51557.28,13518.32
Europe,Finland,Meat,Online,C,5/14/2017,612131115,5/30/2017,1030,448.11,353.33,461553.3,363929.9,97623.4
Europe,Estonia,Baby Food,Offline,M,11/30/2014,562512861,12/29/2014,2788,260.33,154.74,725800.04,431415.12,294384.92
North America,Canada,Household,Offline,C,4/24/2011,544002174,5/3/2011,862,647.14,532.46,557834.68,458980.52,98854.16
Sub-Saharan Africa,Senegal,Clothes,Online,M,10/8/2013,545401134,10/27/2013,7255,109.57,37.33,794930.35,270829.15,524101.2
Asia,Indonesia,Baby Food,Offline,C,6/12/2011,548771757,6/23/2011,1096,272.66,154.88,298835.36,169748.48,129086.88
Asia,Bangladesh,Snacks,Offline,C,4/23/2011,406580235,5/20/2011,7139,161.67,99.73,1154162.13,711972.47,442189.66
Sub-Saharan Africa,Kenya,Fruits,Online,C,12/30/2016,931990968,1/5/2017,3450,9.9,6.68,34155.0,23046.0,11109.0
Middle East and North Africa,Oman,Household,Online,H,7/7/2016,435008909,7/11/2016,1480,649.11,502.62,960682.8,743877.6,216805.2
Sub-Saharan Africa,Sao Tome and Principe,Fruits,Offline,H,9/12/2016,750779874,9/16/2016,4294,9.52,6.85,40878.88,29413.9,11464.98
Australia and Oceania,Solomon Islands,Baby Food,Online,L,2/16/2016,214437460,3/5/2016,8275,238.35,152.4,1972346.25,1261110.0,711236.25
North America,Canada,Fruits,Online,C,9/21/2016,372702080,10/20/2016,3990,9.91,7.24,39540.9,28887.6,10653.3
Asia,China,Clothes,Offline,M,2/27/2011,958381089,3/22/2011,2131,114.82,34.09,244681.42,72645.79,172035.63
Europe,Slovakia,Baby Food,Offline,L,6/18/2017,618654165,6/24/2017,5059,257.17,158.38,1301023.03,801244.42,499778.61
Asia,Kyrgyzstan,Personal Care,Online,L,8/4/2011,789040680,8/13/2011,5559,79.41,58.9,441440.19,327425.1,114015.09
Australia and Oceania,East Timor,Cereal,Offline,L,1/19/2016,630230431,2/9/2016,5931,196.12,116.18,1163187.72,689063.58,474124.14
Australia and Oceania,Federated States of Micronesia,Clothes,Offline,M,6/4/2017,342540928,6/12/2017,9135,102.1,36.87,932683.5,336807.45,595876.05
Asia,Philippines,Clothes,Online,L,9/19/2016,242628110,10/4/2016,8635,105.02,35.13,906847.7,303347.55,603500.15
Europe,Italy,Vegetables,Offline,C,11/25/2013,682446806,12/18/2013,5578,153.84,89.01,858119.52,496497.78,361621.74
Australia and Oceania,Solomon Islands,Household,Online,C,5/1/2013,224750550,5/28/2013,3608,631.97,516.95,2280147.76,1865155.6,414992.16
Europe,Belgium,Fruits,Offline,C,4/5/2010,841461994,4/23/2010,8580,9.0,6.68,77220.0,57314.4,19905.6
Central America and the Caribbean,Trinidad and Tobago,Vegetables,Offline,M,4/16/2015,184596489,4/26/2015,7038,151.23,89.88,1064356.74,632575.44,431781.3
North America,Mexico,Beverages,Online,M,5/25/2017,422758834,6/14/2017,1701,50.04,30.42,85118.04,51744.42,33373.62
Middle East and North Africa,Iran,Beverages,Online,C,8/21/2015,462300384,9/9/2015,4673,48.76,32.99,227855.48,154162.27,73693.21
Europe,Norway,Snacks,Online,L,9/3/2016,473536741,9/10/2016,6968,145.77,92.63,1015725.36,645445.84,370279.52
Asia,Kazakhstan,Meat,Online,M,1/6/2013,812069583,1/14/2013,5539,444.81,355.9,2463802.59,1971330.1,492472.49
Europe,Serbia,Cereal,Online,M,8/9/2016,473463150,8/16/2016,9901,200.97,119.43,1989803.97,1182476.43,807327.54
Central America and the Caribbean,Mexico,Office Supplies,Offline,L,9/27/2013,767925784,10/12/2013,6952,645.07,550.14,4484526.64,3824573.28,659953.36
Sub-Saharan Africa,Uganda,Clothes,Online,H,12/26/2013,583497749,1/4/2014,8278,110.93,37.69,918278.54,311997.82,606280.72
Central America and the Caribbean,Dominican Republic,Baby Food,Offline,L,1/9/2016,858857973,2/3/2016,1497,244.86,150.06,366555.42,224639.82,141915.6
Middle East and North Africa,Azerbaijan,Cosmetics,Offline,C,8/26/2010,175463637,9/9/2010,1588,440.61,275.85,699688.68,438049.8,261638.88
Central America and the Caribbean,Jamaica,Baby Food,Online,L,10/26/2016,643135119,11/25/2016,2781,266.82,155.07,742026.42,431249.67,310776.75
Middle East and North Africa,UAE,Cereal,Online,H,12/30/2011,746073017,1/24/2012,6755,192.49,113.82,1300269.95,768854.1,531415.85
Europe,Hungary,Personal Care,Offline,L,9/2/2014,604952910,9/19/2014,2104,81.18,56.18,170802.72,118202.72,52600.0
Australia and Oceania,Australia,Cosmetics,Offline,M,4/25/2014,245297599,5/2/2014,5809,464.81,266.6,2700081.29,1548679.4,1151401.89
Australia and Oceania,Solomon Islands,Meat,Online,M,5/8/2017,711829269,5/28/2017,8999,409.96,369.82,3689230.04,3328010.18,361219.86
Asia,Brunei,Snacks,Online,M,6/17/2017,325515140,6/24/2017,3877,151.83,99.89,588644.91,387273.53,201371.38
Central America and the Caribbean,Mexico,Meat,Online,L,3/28/2011,648686222,4/22/2011,6355,409.1,381.71,2599830.5,2425767.05,174063.45
North America,Mexico,Household,Online,L,10/18/2016,833555187,10/31/2016,1023,702.23,496.98,718381.29,508410.54,209970.75
North America,United States,Baby Food,Online,L,1/19/2011,574991569,2/15/2011,2440,253.49,153.79,618515.6,375247.6,243268.0
Middle East and North Africa,Lebanon,Clothes,Online,H,5/17/2010,830751875,6/14/2010,1844,101.89,35.03,187885.16,64595.32,123289.84
Europe,United Kingdom,Personal Care,Offline,H,3/17/2010,894874943,3/26/2010,2088,83.99,56.98,175371.12,118974.24,56396.88
North America,Canada,Fruits,Online,C,4/15/2012,316740599,4/18/2012,9765,9.67,6.57,94427.55,64156.05,30271.5
North America,Canada,Meat,Offline,C,2/1/2011,966629416,2/17/2011,8583,432.89,358.74,3715494.87,3079065.42,636429.45
Sub-Saharan Africa,Democratic Republic of the Congo,Cosmetics,Online,M,10/29/2012,456992444,11/8/2012,4246,421.01,281.68,1787608.46,1196013.28,591595.18
Sub-Saharan Africa,Sierra Leone,Office Supplies,Offline,C,11/6/2010,304018428,11/20/2010,2005,666.47,505.06,1336272.35,1012645.3,323627.05
Middle East and North Africa,Syria,Clothes,Offline,L,5/20/2017,341474618,5/26/2017,5993,115.25,35.59,690693.25,213290.87,477402.38
Sub-Saharan Africa,Guinea,Baby Food,Online,C,11/27/2010,393107134,12/26/2010,5264,240.59,169.96,1266465.76,894669.44,371796.32
Australia and Oceania,Samoa,Fruits,Online,M,8/16/2010,254253995,8/21/2010,9074,9.26,6.49,84025.24,58890.26,25134.98
Asia,Kazakhstan,Clothes,Offline,L,3/30/2014,624383499,4/15/2014,5743,112.24,34.53,644594.32,198305.79,446288.53
Europe,Spain,Clothes,Online,C,5/28/2017,827930394,6/22/2017,3652,112.85,34.11,412128.2,124569.72,287558.48
Sub-Saharan Africa,Chad,Cosmetics,Offline,L,10/20/2012,573692242,11/5/2012,9973,466.19,273.94,4649312.87,2732003.62,1917309.25
Europe,Russia,Meat,Offline,M,2/24/2011,255855060,3/14/2011,2863,450.38,341.17,1289437.94,976769.71,312668.23
Middle East and North Africa,Libya,Beverages,Online,L,6/14/2017,304660315,7/2/2017,8987,47.09,30.78,423197.83,276619.86,146577.97
North America,Mexico,Household,Online,C,9/27/2014,865227871,10/2/2014,5610,645.43,512.87,3620862.3,2877200.7,743661.6
Middle East and North Africa,Azerbaijan,Beverages,Offline,C,5/5/2011,466865752,5/27/2011,686,48.21,31.67,33072.06,21725.62,11346.44
Sub-Saharan Africa,Niger,Snacks,Online,M,12/30/2011,219883887,1/29/2012,2841,151.54,103.34,430525.14,293588.94,136936.2
Europe,Serbia,Baby Food,Online,M,8/12/2017,568684103,8/25/2017,7255,242.23,155.1,1757378.65,1125250.5,632128.15
Central America and the Caribbean,Mexico,Snacks,Online,H,8/9/2017,925481616,8/21/2017,1375,161.37,97.45,221883.75,133993.75,87890.0
Asia,Malaysia,Cosmetics,Offline,C,9/17/2010,967548352,9/29/2010,3067,427.57,273.38,1311357.19,838456.46,472900.73
Europe,Ukraine,Beverages,Offline,C,10/11/2013,213474536,10/26/2013,1848,47.96,33.46,88630.08,61834.08,26796.0
Central America and the Caribbean,Trinidad and Tobago,Baby Food,Offline,H,1/22/2012,851619916,2/14/2012,6287,256.37,168.07,1611798.19,1056656.09,555142.1
Middle East and North Africa,Kuwait,Cereal,Online,M,11/22/2016,527789753,12/10/2016,2614,193.47,117.47,505730.58,307066.58,198664.0
Sub-Saharan Africa,Angola,Household,Offline,L,6/10/2012,985381546,6/18/2012,4745,638.83,500.14,3031248.35,2373164.3,658084.05
Europe,Albania,Clothes,Online,L,8/6/2016,744489762,8/24/2016,1897,113.12,35.13,214588.64,66641.61,147947.03
Sub-Saharan Africa,Democratic Republic of the Congo,Baby Food,Online,H,4/27/2015,350761608,5/3/2015,3292,246.73,157.53,812235.16,518588.76,293646.4
Middle East and North Africa,Bahrain,Beverages,Online,H,9/20/2017,646671051,10/14/2017,7858,47.4,33.0,372469.2,259314.0,113155.2
Middle East and North Africa,Jordan,Personal Care,Offline,L,10/25/2012,351724412,11/22/2012,3022,82.01,58.0,247834.22,175276.0,72558.22
Sub-Saharan Africa,South Sudan,Cereal,Online,C,6/16/2015,518514812,7/13/2015,2066,203.76,117.59,420968.16,242940.94,178027.22
Europe,Russia,Baby Food,Offline,L,4/2/2013,919746605,4/5/2013,4532,247.15,156.46,1120083.8,709076.72,411007.08
Sub-Saharan Africa,Kenya,Office Supplies,Online,L,4/18/2014,670512772,5/7/2014,3314,673.76,520.69,2232840.64,1725566.66,507273.98
Sub-Saharan Africa,Cape Verde,Household,Offline,L,2/3/2010,936075698,2/22/2010,8304,679.16,519.12,5639744.64,4310772.48,1328972.16
Central America and the Caribbean,Dominican Republic,Beverages,Offline,M,5/15/2014,777196145,5/19/2014,4100,48.89,33.67,200449.0,138047.0,62402.0
North America,United States,Office Supplies,Online,H,8/14/2013,180042919,8/22/2013,8632,611.98,517.6,5282611.36,4467923.2,814688.16
Sub-Saharan Africa,Cote d'Ivoire,Cereal,Online,M,12/1/2012,893432921,12/17/2012,6132,199.1,119.92,1220881.2,735349.44,485531.76
Central America and the Caribbean,Panama,Vegetables,Offline,H,3/29/2010,335528217,4/26/2010,1654,146.69,88.62,242625.26,146577.48,96047.78
Europe,France,Household,Online,C,12/11/2014,414570079,12/25/2014,6454,698.11,476.85,4505601.94,3077589.9,1428012.04
Sub-Saharan Africa,Mozambique,Cereal,Offline,L,12/2/2015,711357391,12/28/2015,8705,193.91,118.57,1687986.55,1032151.85,655834.7
Asia,Kyrgyzstan,Cereal,Online,M,3/19/2013,936132539,3/25/2013,1875,213.67,117.72,400631.25,220725.0,179906.25
Europe,Moldova,Office Supplies,Online,M,11/4/2015,803778465,11/20/2015,6267,651.08,490.78,4080318.36,3075718.26,1004600.1
Australia and Oceania,Tuvalu,Meat,Offline,H,7/14/2012,305718337,8/1/2012,7974,396.54,347.52,3162009.96,2771124.48,390885.48
Sub-Saharan Africa,Senegal,Office Supplies,Online,L,10/31/2011,164069666,11/8/2011,2797,689.04,517.53,1927244.88,1447531.41,479713.47
Australia and Oceania,East Timor,Cereal,Online,H,6/18/2010,804967359,7/4/2010,2235,205.28,115.87,458800.8,258969.45,199831.35
Central America and the Caribbean,Grenada,Cereal,Online,H,11/28/2017,730392584,12/3/2017,6642,203.17,120.66,1349455.14,801423.72,548031.42
Middle East and North Africa,Yemen,Beverages,Online,M,5/13/2015,891621011,5/25/2015,5791,49.3,33.96,285496.3,196662.36,88833.94
North America,Canada,Beverages,Offline,M,9/1/2016,313412654,9/13/2016,8071,46.36,32.39,374171.56,261419.69,112751.87
Sub-Saharan Africa,Mauritania,Baby Food,Offline,L,3/15/2015,652563233,4/5/2015,4036,265.37,153.53,1071033.32,619647.08,451386.24
Europe,Latvia,Baby Food,Online,H,8/27/2014,427916614,9/24/2014,7100,239.41,153.25,1699811.0,1088075.0,611736.0
Europe,Germany,Cosmetics,Offline,H,6/11/2014,116771261,6/26/2014,3908,462.27,256.23,1806551.16,1001346.84,805204.32
North America,Mexico,Office Supplies,Online,M,1/3/2015,757833685,1/15/2015,2026,673.86,543.03,1365240.36,1100178.78,265061.58
Europe,Denmark,Personal Care,Offline,M,11/6/2013,923427783,11/29/2013,2670,81.61,58.29,217898.7,155634.3,62264.4
Middle East and North Africa,Morocco,Office Supplies,Online,C,11/23/2016,151386384,12/15/2016,5330,688.51,514.98,3669758.3,2744843.4,924914.9
Middle East and North Africa,Saudi Arabia,Beverages,Offline,C,3/18/2016,350493471,3/27/2016,4755,45.71,31.05,217351.05,147642.75,69708.3
Europe,Italy,Meat,Online,L,5/3/2011,954177577,5/29/2011,2882,410.38,356.1,1182715.16,1026280.2,156434.96
Central America and the Caribbean,Dominican Republic,Office Supplies,Online,L,2/24/2017,479041713,3/18/2017,6611,653.68,539.16,4321478.48,3564386.76,757091.72
Asia,Myanmar,Meat,Online,H,3/31/2010,172669104,4/18/2010,727,441.11,364.92,320686.97,265296.84,55390.13
Europe,Italy,Snacks,Offline,M,10/6/2012,926975436,10/14/2012,6439,155.48,103.36,1001135.72,665535.04,335600.68
Europe,Serbia,Vegetables,Offline,L,11/5/2013,575311983,11/16/2013,4902,159.4,93.78,781378.8,459709.56,321669.24
Europe,Luxembourg,Cereal,Online,L,6/22/2015,288749801,7/14/2015,9211,208.97,123.91,1924822.67,1141335.01,783487.66
North America,United States,Beverages,Online,M,10/19/2012,353347109,10/22/2012,4730,46.97,32.23,222168.1,152447.9,69720.2
Australia and Oceania,East Timor,Baby Food,Online,M,4/4/2013,391210723,4/17/2013,291,263.37,160.16,76640.67,46606.56,30034.11
Europe,Monaco,Household,Offline,M,10/18/2017,301475705,11/13/2017,7897,669.9,535.88,5290200.3,4231844.36,1058355.94
Central America and the Caribbean,Cuba,Clothes,Online,M,6/15/2016,359261335,7/9/2016,6894,109.03,35.16,751652.82,242393.04,509259.78
Australia and Oceania,Tuvalu,Cosmetics,Online,M,1/30/2010,868083607,2/12/2010,6123,437.22,248.43,2677098.06,1521136.89,1155961.17
Sub-Saharan Africa,Rwanda,Baby Food,Offline,C,4/20/2010,808042737,5/10/2010,6423,244.85,154.25,1572671.55,990747.75,581923.8
Asia,Myanmar,Snacks,Online,H,4/21/2017,381390641,5/17/2017,5317,144.59,91.36,768785.03,485761.12,283023.91
Central America and the Caribbean,Belize,Office Supplies,Online,M,7/20/2011,801411148,8/15/2011,1147,681.35,541.57,781508.45,621180.79,160327.66
Middle East and North Africa,Qatar,Meat,Offline,H,12/23/2017,506624458,1/21/2018,5219,399.41,340.01,2084520.79,1774512.19,310008.6
Asia,Bangladesh,Fruits,Offline,L,3/6/2011,612007880,3/26/2011,130,9.76,7.06,1268.8,917.8,351.0
Asia,Indonesia,Vegetables,Online,H,5/8/2015,681276431,5/24/2015,381,143.87,95.6,54814.47,36423.6,18390.87
Australia and Oceania,East Timor,Clothes,Offline,C,12/14/2012,798142397,12/26/2012,349,105.63,33.66,36864.87,11747.34,25117.53
Sub-Saharan Africa,Burkina Faso,Clothes,Online,L,1/12/2011,452300436,1/27/2011,6441,113.86,37.86,733372.26,243856.26,489516.0
North America,Mexico,Baby Food,Online,L,10/25/2016,924169624,11/18/2016,8109,245.9,167.39,1994003.1,1357365.51,636637.59
Central America and the Caribbean,Panama,Fruits,Offline,M,4/22/2013,928731263,5/14/2013,2530,9.91,7.33,25072.3,18544.9,6527.4
Asia,Brunei,Vegetables,Offline,L,5/24/2016,536685165,6/4/2016,3851,164.8,93.69,634644.8,360800.19,273844.61
North America,United States,Household,Online,H,5/5/2012,436494078,5/18/2012,1208,664.31,514.89,802486.48,621987.12,180499.36
Central America and the Caribbean,Trinidad and Tobago,Household,Online,L,4/28/2017,957184240,5/18/2017,2094,708.18,515.31,1482928.92,1079059.14,403869.78
Europe,Portugal,Vegetables,Offline,M,8/9/2016,814688701,8/29/2016,7217,160.45,84.66,1157967.65,610991.22,546976.43
Asia,Laos,Beverages,Online,M,9/5/2010,133231932,9/30/2010,7188,45.94,30.78,330216.72,221246.64,108970.08
North America,United States,Beverages,Online,H,10/4/2016,764417267,11/2/2016,5206,49.93,31.9,259935.58,166071.4,93864.18
Asia,India,Fruits,Offline,C,2/5/2012,736886857,2/21/2012,6216,8.71,7.2,54141.36,44755.2,9386.16
Australia and Oceania,Tuvalu,Office Supplies,Online,L,12/21/2015,720290772,1/6/2016,1499,654.63,510.23,981290.37,764834.77,216455.6
Middle East and North Africa,Libya,Cereal,Online,C,8/29/2015,497932803,9/9/2015,6887,195.8,120.55,1348474.6,830227.85,518246.75
Europe,Luxembourg,Cereal,Online,H,11/6/2012,102539566,11/29/2012,7782,214.47,118.98,1669005.54,925902.36,743103.18
Asia,Cambodia,Baby Food,Offline,H,9/14/2017,325266745,9/19/2017,1612,265.76,164.41,428405.12,265028.92,163376.2
North America,United States,Vegetables,Offline,M,4/2/2017,851372514,4/20/2017,5897,162.0,85.57,955314.0,504606.29,450707.71
Australia and Oceania,Samoa,Snacks,Offline,H,8/16/2010,302247368,8/24/2010,362,146.02,94.78,52859.24,34310.36,18548.88
Central America and the Caribbean,Grenada,Personal Care,Online,M,9/12/2011,152265395,9/21/2011,747,82.54,55.61,61657.38,41540.67,20116.71
North America,Canada,Office Supplies,Online,L,7/19/2017,638821268,8/13/2017,5942,663.31,517.58,3941388.02,3075460.36,865927.66
North America,United States,Personal Care,Online,H,12/7/2017,935763822,1/1/2018,5608,86.97,54.37,487727.76,304906.96,182820.8
North America,Canada,Snacks,Offline,M,4/21/2011,802334212,5/10/2011,2482,147.51,103.94,366119.82,257979.08,108140.74
Central America and the Caribbean,Mexico,Clothes,Offline,H,2/1/2011,219504187,2/20/2011,5834,107.07,37.18,624646.38,216908.12,407738.26
Sub-Saharan Africa,Burkina Faso,Baby Food,Online,H,7/2/2016,826933522,7/19/2016,1737,257.04,166.74,446478.48,289627.38,156851.1
Asia,Laos,Cosmetics,Online,M,7/7/2011,611470282,8/1/2011,2824,436.54,267.41,1232788.96,755165.84,477623.12
Asia,Sri Lanka,Cereal,Online,C,11/16/2015,576042811,12/5/2015,7833,215.4,110.05,1687228.2,862021.65,825206.55
Asia,Myanmar,Snacks,Offline,H,3/30/2016,714447470,4/27/2016,7028,157.24,100.04,1105082.72,703081.12,402001.6
Sub-Saharan Africa,Gabon,Clothes,Offline,M,12/5/2012,920928913,12/31/2012,4463,104.01,35.19,464196.63,157052.97,307143.66
Middle East and North Africa,Morocco,Household,Offline,C,6/6/2011,454284906,7/2/2011,7490,677.17,474.25,5072003.3,3552132.5,1519870.8
Australia and Oceania,Solomon Islands,Cosmetics,Online,M,12/20/2010,752381333,1/11/2011,2417,424.3,272.86,1025533.1,659502.62,366030.48
North America,Canada,Fruits,Online,L,7/21/2010,608221794,8/7/2010,1242,9.37,6.8,11637.54,8445.6,3191.94
Asia,Vietnam,Clothes,Online,H,6/4/2013,476442978,6/14/2013,7023,106.32,37.23,746685.36,261466.29,485219.07
Middle East and North Africa,UAE,Cereal,Offline,H,11/23/2016,934917654,12/2/2016,7889,216.12,120.26,1704970.68,948731.14,756239.54
Sub-Saharan Africa,Ghana,Baby Food,Online,M,1/27/2015,577908093,2/12/2015,9669,242.15,163.4,2341348.35,1579914.6,761433.75
Asia,Vietnam,Fruits,Online,C,4/6/2016,733736608,5/6/2016,9321,9.51,6.74,88642.71,62823.54,25819.17
North America,Canada,Cosmetics,Offline,H,6/4/2011,911892577,6/24/2011,6949,444.49,281.34,3088761.01,1955031.66,1133729.35
Middle East and North Africa,Lebanon,Meat,Offline,L,1/28/2013,646081805,2/25/2013,6452,406.69,379.44,2623963.88,2448146.88,175817.0
Middle East and North Africa,Iran,Clothes,Offline,L,7/12/2012,580843537,8/9/2012,9970,108.35,33.9,1080249.5,337983.0,742266.5
North America,United States,Office Supplies,Online,L,4/8/2016,882697072,4/26/2016,4810,666.89,526.76,3207740.9,2533715.6,674025.3
Europe,France,Fruits,Online,H,3/12/2010,164222557,3/26/2010,1047,9.31,7.3,9747.57,7643.1,2104.47
Asia,Brunei,Meat,Online,H,10/7/2016,974333674,10/17/2016,8023,406.99,379.43,3265280.77,3044166.89,221113.88
Asia,Nepal,Fruits,Online,C,9/5/2011,842772641,9/13/2011,7843,8.88,6.94,69645.84,54430.42,15215.42
Asia,Myanmar,Cosmetics,Online,L,12/22/2014,189142479,12/31/2014,5079,422.29,259.04,2144810.91,1315664.16,829146.75
Middle East and North Africa,Pakistan,Baby Food,Online,M,7/15/2015,205651593,8/6/2015,1878,237.45,167.4,445931.1,314377.2,131553.9
North America,United States,Fruits,Online,L,5/21/2015,425694788,5/25/2015,3135,9.23,6.95,28936.05,21788.25,7147.8
Australia and Oceania,Federated States of Micronesia,Personal Care,Online,L,3/15/2016,905059883,3/25/2016,8520,76.76,53.96,653995.2,459739.2,194256.0
Europe,Estonia,Cosmetics,Offline,C,8/27/2013,595819764,8/30/2013,5578,443.4,266.19,2473285.2,1484807.82,988477.38
Middle East and North Africa,Iran,Cosmetics,Offline,H,12/22/2013,418113289,12/25/2013,7006,446.31,250.14,3126847.86,1752480.84,1374367.02
North America,Mexico,Office Supplies,Offline,C,9/17/2013,929691335,9/26/2013,3344,641.69,553.28,2145811.36,1850168.32,295643.04
North America,Mexico,Cosmetics,Offline,C,9/6/2017,378906055,9/14/2017,3814,446.86,266.28,1704324.04,1015591.92,688732.12
Sub-Saharan Africa,Mozambique,Vegetables,Online,L,5/27/2012,929743264,6/16/2012,3449,158.41,96.54,546356.09,332966.46,213389.63
North America,Canada,Office Supplies,Online,H,11/29/2012,544504448,12/7/2012,9635,608.82,509.37,5865980.7,4907779.95,958200.75
Europe,Serbia,Personal Care,Online,C,6/9/2017,481212540,6/20/2017,7877,83.95,56.05,661274.15,441505.85,219768.3
Australia and Oceania,East Timor,Personal Care,Offline,L,7/15/2014,455790697,7/19/2014,7028,86.1,59.35,605110.8,417111.8,187999.0
Australia and Oceania,Australia,Personal Care,Online,L,6/27/2014,154594915,7/16/2014,1641,79.27,57.63,130082.07,94570.83,35511.24
Europe,Italy,Clothes,Online,H,12/3/2011,950760129,12/29/2011,9455,116.92,33.42,1105478.6,315986.1,789492.5
Sub-Saharan Africa,Uganda,Cereal,Online,H,6/21/2010,419756201,7/19/2010,3224,210.24,124.13,677813.76,400195.12,277618.64
Sub-Saharan Africa,Senegal,Cereal,Offline,C,10/4/2011,284968247,10/20/2011,1368,211.53,112.59,289373.04,154023.12,135349.92
Asia,Vietnam,Cosmetics,Online,M,10/25/2014,148122751,11/1/2014,9661,463.64,249.46,4479226.04,2410033.06,2069192.98
Sub-Saharan Africa,Benin,Vegetables,Offline,M,6/29/2012,864194786,7/18/2012,6877,145.39,91.47,999847.03,629039.19,370807.84
Asia,China,Vegetables,Offline,H,5/24/2017,422583728,6/15/2017,1288,158.16,88.99,203710.08,114619.12,89090.96
North America,Mexico,Fruits,Online,M,8/12/2010,204474746,8/17/2010,909,8.72,6.84,7926.48,6217.56,1708.92
Middle East and North Africa,Azerbaijan,Personal Care,Offline,C,7/22/2011,959361610,8/2/2011,1706,86.5,55.24,147569.0,94239.44,53329.56
Europe,Netherlands,Personal Care,Offline,M,7/1/2013,627517788,7/12/2013,5481,77.46,60.08,424558.26,329298.48,95259.78
Australia and Oceania,Fiji,Clothes,Offline,L,2/11/2012,119202001,2/17/2012,6260,101.79,36.57,637205.4,228928.2,408277.2
Europe,Slovenia,Fruits,Online,L,1/25/2016,351054976,2/7/2016,3735,8.88,6.73,33166.8,25136.55,8030.25
North America,Canada,Beverages,Online,M,3/28/2011,187192109,4/25/2011,9641,49.01,31.64,472505.41,305041.24,167464.17
Sub-Saharan Africa,Chad,Meat,Offline,L,11/23/2016,359717733,11/29/2016,6399,416.47,340.5,2664991.53,2178859.5,486132.03
Australia and Oceania,Papua New Guinea,Vegetables,Offline,L,7/27/2013,785858608,8/10/2013,3376,163.77,86.88,552887.52,293306.88,259580.64
North America,Canada,Household,Online,L,5/20/2012,700487714,6/16/2012,8890,682.02,514.71,6063157.8,4575771.9,1487385.9
Middle East and North Africa,Algeria,Vegetables,Offline,M,5/23/2010,998358331,5/29/2010,7021,161.38,86.75,1133048.98,609071.75,523977.23
Middle East and North Africa,Iran,Snacks,Offline,C,12/6/2012,367267343,1/4/2013,9220,152.22,93.75,1403468.4,864375.0,539093.4
Middle East and North Africa,Iraq,Vegetables,Offline,H,2/24/2013,739139835,2/27/2013,1992,156.48,88.5,311708.16,176292.0,135416.16
Europe,Slovenia,Cosmetics,Online,M,5/2/2013,865048310,6/1/2013,8590,459.72,268.99,3948994.8,2310624.1,1638370.7
Australia and Oceania,Fiji,Cosmetics,Offline,M,12/16/2015,682136386,12/24/2015,2062,456.69,255.92,941694.78,527707.04,413987.74
Europe,Finland,Vegetables,Online,H,1/25/2010,368008435,2/1/2010,1912,143.52,86.84,274410.24,166038.08,108372.16
Central America and the Caribbean,Nicaragua,Beverages,Offline,H,2/2/2012,626925371,2/18/2012,5594,48.12,31.04,269183.28,173637.76,95545.52
Central America and the Caribbean,Haiti,Office Supplies,Online,M,10/6/2014,176071079,10/22/2014,374,646.26,509.79,241701.24,190661.46,51039.78
Central America and the Caribbean,Panama,Meat,Online,M,2/22/2016,353543655,2/26/2016,1589,437.08,346.92,694520.12,551255.88,143264.24
Sub-Saharan Africa,Ethiopia,Fruits,Online,H,8/3/2011,514616281,8/28/2011,7572,9.43,6.63,71403.96,50202.36,21201.6
Australia and Oceania,Tuvalu,Snacks,Online,L,6/25/2013,300750634,7/10/2013,3335,148.14,98.65,494046.9,328997.75,165049.15
Sub-Saharan Africa,Zambia,Fruits,Online,L,11/7/2016,535232880,11/24/2016,4176,9.23,6.63,38544.48,27686.88,10857.6
Australia and Oceania,New Zealand,Clothes,Offline,L,3/31/2016,995893044,4/11/2016,9575,103.23,38.11,988427.25,364903.25,623524.0
Middle East and North Africa,Oman,Snacks,Online,L,11/9/2012,758255590,11/19/2012,1150,151.87,93.65,174650.5,107697.5,66953.0
Europe,Poland,Household,Offline,L,9/4/2011,133534937,9/15/2011,4896,648.2,471.23,3173587.2,2307142.08,866445.12
Asia,Laos,Office Supplies,Offline,M,4/8/2013,772520380,4/12/2013,3569,655.18,556.83,2338337.42,1987326.27,351011.15
Sub-Saharan Africa,Chad,Fruits,Offline,M,7/19/2013,710514625,8/14/2013,3400,8.95,6.81,30430.0,23154.0,7276.0
Middle East and North Africa,Qatar,Personal Care,Online,C,4/28/2010,212655832,5/3/2010,5539,84.29,57.72,466882.31,319711.08,147171.23
Asia,Mongolia,Beverages,Online,M,1/24/2013,163714068,2/21/2013,817,46.33,30.09,37851.61,24583.53,13268.08
Central America and the Caribbean,Haiti,Beverages,Offline,M,4/23/2010,647752078,5/8/2010,2069,44.82,31.89,92732.58,65980.41,26752.17
Europe,Latvia,Cereal,Offline,H,3/5/2014,202539362,4/1/2014,1853,193.16,122.01,357925.48,226084.53,131840.95
Middle East and North Africa,Iran,Personal Care,Offline,M,2/4/2017,410419940,3/2/2017,3068,79.7,54.38,244519.6,166837.84,77681.76
Asia,Malaysia,Office Supplies,Offline,H,1/30/2016,135603645,2/29/2016,1764,624.68,541.2,1101935.52,954676.8,147258.72
Central America and the Caribbean,Mexico,Clothes,Offline,L,9/22/2011,693425368,10/20/2011,3739,110.76,38.15,414131.64,142642.85,271488.79
Asia,Kyrgyzstan,Beverages,Online,H,7/7/2011,339632491,7/26/2011,7938,49.34,33.63,391660.92,266954.94,124705.98
Sub-Saharan Africa,Madagascar,Vegetables,Offline,M,3/8/2015,342243451,3/17/2015,1891,154.38,96.82,291932.58,183086.62,108845.96
Middle East and North Africa,Kuwait,Office Supplies,Offline,C,9/10/2013,606730227,9/17/2013,2402,667.5,543.05,1603335.0,1304406.1,298928.9
Europe,Hungary,Personal Care,Online,C,10/11/2016,556462138,10/22/2016,6309,81.6,58.3,514814.4,367814.7,146999.7
North America,Mexico,Household,Offline,L,12/9/2014,691412942,1/4/2015,8328,636.42,489.9,5300105.76,4079887.2,1220218.56
Asia,Pakistan,Beverages,Online,M,12/23/2011,521620243,1/17/2012,9002,45.19,30.55,406800.38,275011.1,131789.28
Sub-Saharan Africa,Benin,Fruits,Offline,L,7/31/2014,918338736,8/16/2014,202,9.74,6.61,1967.48,1335.22,632.26
Asia,South Korea,Cosmetics,Online,C,1/25/2012,535977247,1/29/2012,9031,437.99,249.17,3955487.69,2250254.27,1705233.42
North America,Canada,Personal Care,Online,L,1/25/2013,370538910,2/11/2013,2939,84.13,56.97,247258.07,167434.83,79823.24
Central America and the Caribbean,Jamaica,Personal Care,Online,H,10/20/2013,318435313,11/19/2013,5367,78.0,58.78,418626.0,315472.26,103153.74
Sub-Saharan Africa,Gabon,Office Supplies,Online,H,6/23/2011,374476550,7/2/2011,3663,630.97,517.61,2311243.11,1896005.43,415237.68
Asia,Philippines,Beverages,Online,M,3/26/2011,984797798,4/5/2011,1367,45.34,30.91,61979.78,42253.97,19725.81
Europe,Poland,Cereal,Offline,L,4/20/2017,412032940,4/27/2017,2670,201.74,114.63,538645.8,306062.1,232583.7
Middle East and North Africa,Azerbaijan,Fruits,Offline,C,10/10/2015,946407528,10/23/2015,8533,9.74,6.55,83111.42,55891.15,27220.27
Asia,Bangladesh,Office Supplies,Offline,L,9/17/2011,839776692,9/27/2011,7355,660.2,509.66,4855771.0,3748549.3,1107221.7
Asia,Kazakhstan,Baby Food,Online,L,3/23/2017,675631767,4/22/2017,4819,242.15,162.03,1166920.85,780822.57,386098.28
Europe,United Kingdom,Fruits,Online,H,1/30/2016,650079956,2/20/2016,2131,9.52,7.39,20287.12,15748.09,4539.03
Sub-Saharan Africa,Uganda,Snacks,Offline,H,6/16/2013,645919548,6/29/2013,6061,150.31,94.95,911028.91,575491.95,335536.96
Europe,Spain,Clothes,Offline,H,6/16/2014,846039081,6/27/2014,8825,102.28,34.38,902621.0,303403.5,599217.5
Europe,Italy,Meat,Offline,M,5/5/2016,886444606,5/26/2016,2157,432.4,380.6,932686.8,820954.2,111732.6
Asia,Sri Lanka,Household,Offline,M,4/30/2015,106214985,5/23/2015,1012,624.91,492.36,632408.92,498268.32,134140.6
Sub-Saharan Africa,Benin,Beverages,Offline,M,9/27/2011,227006013,10/7/2011,1186,45.93,33.34,54472.98,39541.24,14931.74
Europe,Spain,Baby Food,Offline,H,3/10/2016,193232803,4/9/2016,6446,252.0,149.65,1624392.0,964643.9,659748.1
Middle East and North Africa,Pakistan,Clothes,Offline,L,1/30/2016,893196975,2/24/2016,2745,104.17,38.33,285946.65,105215.85,180730.8
Middle East and North Africa,Algeria,Personal Care,Online,L,6/21/2010,313022896,7/13/2010,529,79.31,59.31,41954.99,31374.99,10580.0
Asia,Kazakhstan,Cereal,Online,L,11/16/2016,942605421,11/26/2016,6922,216.09,114.29,1495774.98,791115.38,704659.6
Asia,South Korea,Cosmetics,Online,L,9/26/2016,862304372,10/11/2016,8491,452.56,257.6,3842686.96,2187281.6,1655405.36
Middle East and North Africa,Qatar,Baby Food,Online,L,10/13/2017,562735553,11/3/2017,3539,262.87,159.91,930296.93,565921.49,364375.44
Asia,Turkmenistan,Vegetables,Offline,H,4/15/2012,616518590,5/13/2012,6885,164.69,87.63,1133890.65,603332.55,530558.1
Europe,Serbia,Baby Food,Online,L,6/18/2012,134524102,7/8/2012,7297,269.86,159.07,1969168.42,1160733.79,808434.63
Sub-Saharan Africa,Zimbabwe,Fruits,Online,C,12/20/2016,927348175,1/5/2017,9786,9.93,6.65,97174.98,65076.9,32098.08
Middle East and North Africa,Saudi Arabia,Household,Online,L,8/21/2014,210021383,8/27/2014,3602,650.25,525.54,2342200.5,1892995.08,449205.42
Sub-Saharan Africa,Lesotho,Office Supplies,Offline,H,8/27/2010,742219229,9/25/2010,7515,620.07,496.63,4659826.05,3732174.45,927651.6
Middle East and North Africa,Syria,Cereal,Online,H,1/31/2014,378323351,2/18/2014,3980,203.35,118.87,809333.0,473102.6,336230.4
Central America and the Caribbean,Honduras,Personal Care,Offline,C,12/24/2013,260404497,1/7/2014,4076,86.84,58.38,353959.84,237956.88,116002.96
Sub-Saharan Africa,Ethiopia,Personal Care,Online,C,7/13/2010,268021229,8/9/2010,6981,76.11,53.94,531323.91,376555.14,154768.77
Australia and Oceania,Australia,Beverages,Offline,M,10/9/2011,630307508,10/20/2011,6080,50.05,31.1,304304.0,189088.0,115216.0
Sub-Saharan Africa,Ethiopia,Cosmetics,Offline,M,10/29/2012,716243805,11/17/2012,517,428.79,258.07,221684.43,133422.19,88262.24
Europe,Latvia,Fruits,Offline,M,8/15/2013,662280140,9/4/2013,4304,9.67,7.07,41619.68,30429.28,11190.4
Middle East and North Africa,Saudi Arabia,Personal Care,Online,H,2/26/2015,494833946,3/21/2015,5995,76.15,56.1,456519.25,336319.5,120199.75
Europe,Norway,Clothes,Offline,H,1/18/2013,133178487,1/22/2013,4099,106.19,33.5,435272.81,137316.5,297956.31
Asia,India,Household,Online,C,12/7/2013,791138734,1/6/2014,522,645.57,479.03,336987.54,250053.66,86933.88
North America,Canada,Baby Food,Offline,L,1/14/2014,765821160,1/29/2014,1513,242.22,164.25,366478.86,248510.25,117968.61
Asia,Sri Lanka,Office Supplies,Online,L,2/18/2014,407141422,2/24/2014,327,694.84,505.91,227212.68,165432.57,61780.11
North America,United States,Cereal,Offline,L,2/23/2012,323202227,3/6/2012,5340,208.76,115.84,1114778.4,618585.6,496192.8
North America,United States,Cosmetics,Online,H,12/28/2012,538071292,1/27/2013,9771,458.54,274.69,4480394.34,2683995.99,1796398.35
Sub-Saharan Africa,South Sudan,Cereal,Offline,H,2/23/2015,416378826,3/18/2015,5244,206.31,124.55,1081889.64,653140.2,428749.44
Europe,Greece,Clothes,Online,H,9/14/2010,500659968,9/26/2010,7401,108.79,36.9,805154.79,273096.9,532057.89
Central America and the Caribbean,Haiti,Clothes,Online,H,2/24/2010,528249683,3/8/2010,5495,106.68,36.28,586206.6,199358.6,386848.0
Asia,Malaysia,Personal Care,Offline,H,5/12/2013,897989679,5/26/2013,1895,83.87,57.7,158933.65,109341.5,49592.15
Middle East and North Africa,Bahrain,Meat,Online,C,3/1/2015,979903863,3/27/2015,1290,430.14,348.99,554880.6,450197.1,104683.5
Europe,United Kingdom,Beverages,Online,M,5/13/2012,708544098,6/7/2012,7899,44.98,31.32,355297.02,247396.68,107900.34
Australia and Oceania,Solomon Islands,Household,Offline,L,1/26/2013,533212099,2/6/2013,3270,626.47,492.32,2048556.9,1609886.4,438670.5
North America,Mexico,Baby Food,Offline,L,10/24/2011,775406991,11/18/2011,8977,254.47,159.44,2284377.19,1431292.88,853084.31
North America,Mexico,Personal Care,Offline,C,11/8/2016,802282918,11/24/2016,1353,80.72,59.04,109214.16,79881.12,29333.04
Central America and the Caribbean,Honduras,Baby Food,Offline,M,12/8/2015,296608634,12/25/2015,4724,237.73,150.83,1123036.52,712520.92,410515.6
North America,United States,Meat,Offline,H,10/25/2015,645607169,11/11/2015,2816,418.25,370.84,1177792.0,1044285.44,133506.56
North America,United States,Vegetables,Online,C,4/2/2016,664872781,4/10/2016,662,149.21,91.7,98777.02,60705.4,38071.62
Asia,Cambodia,Office Supplies,Offline,L,4/24/2013,414733338,5/7/2013,3435,647.26,540.52,2223338.1,1856686.2,366651.9
Sub-Saharan Africa,Senegal,Meat,Offline,H,7/26/2011,154638618,8/4/2011,9917,423.83,382.21,4203122.11,3790376.57,412745.54
Europe,Germany,Vegetables,Offline,M,3/24/2016,597826740,4/2/2016,7749,153.31,96.11,1187999.19,744756.39,443242.8
Asia,Nepal,Beverages,Online,C,8/14/2014,991255024,8/31/2014,978,44.36,32.45,43384.08,31736.1,11647.98
Asia,Nepal,Beverages,Online,H,9/1/2011,803992591,9/24/2011,720,48.0,30.92,34560.0,22262.4,12297.6
North America,Mexico,Beverages,Online,H,6/10/2015,900293377,6/18/2015,3542,50.55,33.55,179048.1,118834.1,60214.0
Central America and the Caribbean,Jamaica,Baby Food,Offline,H,10/11/2015,341114333,10/25/2015,1899,253.35,161.14,481111.65,306004.86,175106.79
Europe,Malta,Cereal,Online,M,3/13/2010,291348087,3/29/2010,4062,197.91,118.28,803910.42,480453.36,323457.06
Europe,Finland,Cereal,Online,H,7/8/2017,156235249,7/29/2017,6948,193.34,116.3,1343326.32,808052.4,535273.92
Central America and the Caribbean,Guatemala,Cereal,Online,L,4/11/2016,499160827,5/4/2016,3517,218.7,112.26,769167.9,394818.42,374349.48
North America,United States,Fruits,Offline,M,1/2/2011,719594867,1/9/2011,4433,9.21,6.65,40827.93,29479.45,11348.48
Australia and Oceania,New Zealand,Snacks,Online,L,5/22/2015,279176821,6/13/2015,2584,162.26,101.47,419279.84,262198.48,157081.36
North America,Canada,Beverages,Online,L,10/14/2013,809777580,10/29/2013,450,50.75,33.39,22837.5,15025.5,7812.0
Asia,Nepal,Fruits,Offline,M,11/2/2014,183530896,11/14/2014,2222,9.26,6.85,20575.72,15220.7,5355.02
Middle East and North Africa,Egypt,Fruits,Online,M,7/18/2016,526922169,8/10/2016,416,9.97,6.81,4147.52,2832.96,1314.56
Asia,Philippines,Vegetables,Offline,H,2/25/2013,741822973,3/8/2013,866,152.4,93.91,131978.4,81326.06,50652.34
Australia and Oceania,Papua New Guinea,Fruits,Offline,M,2/21/2010,946204338,3/15/2010,2399,9.34,7.22,22406.66,17320.78,5085.88
North America,Canada,Meat,Offline,H,8/28/2011,408301379,9/18/2011,3113,393.46,380.75,1224840.98,1185274.75,39566.23
Australia and Oceania,Vanuatu,Meat,Online,H,12/27/2014,373910221,1/3/2015,827,400.59,367.49,331287.93,303914.23,27373.7
Europe,Serbia,Cosmetics,Online,H,2/23/2014,104852806,2/26/2014,7679,420.58,267.55,3229633.82,2054516.45,1175117.37
Europe,Serbia,Personal Care,Online,M,11/25/2017,558898139,12/21/2017,1896,78.5,58.97,148836.0,111807.12,37028.88
Central America and the Caribbean,Guatemala,Cereal,Online,L,2/14/2011,276519386,3/10/2011,8649,210.79,119.32,1823122.71,1031998.68,791124.03
Europe,Portugal,Clothes,Offline,C,5/17/2013,838390850,6/1/2013,910,111.33,33.92,101310.3,30867.2,70443.1
Central America and the Caribbean,Belize,Personal Care,Offline,H,12/9/2011,297086785,12/12/2011,3325,79.93,53.05,265767.25,176391.25,89376.0
Sub-Saharan Africa,Sao Tome and Principe,Fruits,Online,L,4/28/2016,870302233,5/3/2016,1984,9.59,7.36,19026.56,14602.24,4424.32
Asia,Cambodia,Baby Food,Online,C,8/10/2012,604281492,9/6/2012,479,270.61,151.82,129622.19,72721.78,56900.41
Australia and Oceania,Tuvalu,Household,Online,H,6/23/2010,215681442,7/3/2010,3555,623.85,477.31,2217786.75,1696837.05,520949.7
Middle East and North Africa,Syria,Household,Offline,H,10/29/2017,765897700,11/27/2017,9441,658.76,514.46,6219353.16,4857016.86,1362336.3
Central America and the Caribbean,Trinidad and Tobago,Personal Care,Online,C,9/18/2014,237397091,10/7/2014,6388,82.88,55.58,529437.44,355045.04,174392.4
Sub-Saharan Africa,Madagascar,Baby Food,Online,C,11/26/2014,293615032,11/29/2014,6636,249.34,160.69,1654620.24,1066338.84,588281.4
North America,Mexico,Office Supplies,Offline,L,3/20/2013,168984823,4/13/2013,1746,618.38,520.11,1079691.48,908112.06,171579.42
North America,United States,Beverages,Online,M,1/27/2017,162493979,2/24/2017,709,46.76,33.03,33152.84,23418.27,9734.57
Europe,Luxembourg,Baby Food,Online,H,6/5/2010,807351552,6/12/2010,7311,252.45,156.06,1845661.95,1140954.66,704707.29
Australia and Oceania,Papua New Guinea,Beverages,Online,L,2/5/2013,680215282,2/17/2013,8172,44.6,32.98,364471.2,269512.56,94958.64
Central America and the Caribbean,Cuba,Office Supplies,Offline,C,1/6/2014,172134911,2/3/2014,3651,684.41,511.33,2498780.91,1866865.83,631915.08
Europe,Croatia,Baby Food,Offline,H,4/16/2010,158501369,5/1/2010,5604,261.11,166.4,1463260.44,932505.6,530754.84
Asia,Myanmar,Cosmetics,Offline,H,11/13/2013,707257377,12/11/2013,1021,421.46,268.92,430310.66,274567.32,155743.34
Sub-Saharan Africa,Nigeria,Personal Care,Offline,H,3/24/2010,933856522,4/6/2010,4241,83.61,55.31,354590.01,234569.71,120020.3
Europe,Spain,Baby Food,Online,C,12/15/2014,704923394,12/22/2014,9726,270.01,164.03,2626117.26,1595355.78,1030761.48
North America,United States,Snacks,Offline,L,12/26/2013,430177249,1/15/2014,2592,154.74,100.22,401086.08,259770.24,141315.84
Sub-Saharan Africa,Djibouti,Office Supplies,Offline,M,3/6/2015,457092569,3/21/2015,1545,636.55,488.86,983469.75,755288.7,228181.05
Sub-Saharan Africa,Zambia,Snacks,Offline,H,12/17/2013,136403316,12/30/2013,6714,155.81,90.7,1046108.34,608959.8,437148.54
Europe,Bulgaria,Cereal,Online,M,7/31/2013,877631272,8/25/2013,8526,194.39,120.38,1657369.14,1026359.88,631009.26
Central America and the Caribbean,Haiti,Personal Care,Offline,L,8/23/2017,606138642,8/31/2017,9880,76.64,55.37,757203.2,547055.6,210147.6
Europe,Switzerland,Household,Offline,L,4/18/2016,915434700,5/3/2016,7351,653.98,476.81,4807406.98,3505030.31,1302376.67
Asia,Pakistan,Fruits,Online,M,1/18/2012,993786578,2/2/2012,6037,9.5,6.84,57351.5,41293.08,16058.42
Central America and the Caribbean,Belize,Beverages,Online,C,8/6/2010,568315551,8/23/2010,9400,50.59,32.91,475546.0,309354.0,166192.0
Australia and Oceania,Federated States of Micronesia,Snacks,Online,H,5/1/2011,126132755,5/27/2011,9207,162.38,92.58,1495032.66,852384.06,642648.6
North America,United States,Meat,Online,L,2/5/2017,260388531,3/4/2017,8634,423.37,386.34,3655376.58,3335659.56,319717.02
Central America and the Caribbean,Honduras,Beverages,Online,H,12/5/2011,165081272,12/22/2011,5920,46.68,29.88,276345.6,176889.6,99456.0
Central America and the Caribbean,Mexico,Cosmetics,Online,H,5/4/2014,921522621,5/7/2014,3646,453.65,275.81,1654007.9,1005603.26,648404.64
Sub-Saharan Africa,Comoros,Beverages,Offline,C,7/22/2013,964427859,8/11/2013,1628,49.89,33.41,81220.92,54391.48,26829.44
Sub-Saharan Africa,Sao Tome and Principe,Vegetables,Offline,C,5/23/2014,917316868,5/26/2014,7360,146.67,90.26,1079491.2,664313.6,415177.6
Europe,Sweden,Personal Care,Online,L,9/19/2014,821850904,10/16/2014,826,76.77,59.53,63412.02,49171.78,14240.24
Europe,Slovakia,Household,Offline,M,8/14/2017,459371075,8/30/2017,1863,638.29,472.51,1189134.27,880286.13,308848.14
Middle East and North Africa,Israel,Cosmetics,Offline,H,7/29/2012,115909549,8/4/2012,2572,462.57,248.08,1189730.04,638061.76,551668.28
Australia and Oceania,Federated States of Micronesia,Meat,Offline,L,7/6/2014,967510949,7/28/2014,3794,429.42,362.97,1629219.48,1377108.18,252111.3
Sub-Saharan Africa,Nigeria,Vegetables,Offline,M,12/17/2013,310523326,12/27/2013,6775,147.36,97.06,998364.0,657581.5,340782.5
Asia,Kyrgyzstan,Beverages,Offline,M,12/12/2017,787900670,12/25/2017,6264,49.67,31.63,311132.88,198130.32,113002.56
Sub-Saharan Africa,Ethiopia,Snacks,Offline,M,9/13/2012,163997213,9/24/2012,6237,143.03,101.46,892078.11,632806.02,259272.09
Middle East and North Africa,Pakistan,Fruits,Offline,H,10/29/2011,780374439,11/14/2011,4027,9.8,7.2,39464.6,28994.4,10470.2
Australia and Oceania,Samoa,Household,Offline,M,6/28/2013,205918445,7/25/2013,7851,626.1,525.89,4915511.1,4128762.39,786748.71
Sub-Saharan Africa,Lesotho,Cosmetics,Online,H,11/6/2015,641539181,11/25/2015,8836,410.01,255.2,3622848.36,2254947.2,1367901.16
Central America and the Caribbean,Honduras,Office Supplies,Offline,C,12/14/2013,111173281,12/19/2013,2399,660.17,531.94,1583747.83,1276124.06,307623.77
North America,United States,Cereal,Online,L,6/26/2013,794194944,7/10/2013,8072,195.26,121.82,1576138.72,983331.04,592807.68
North America,Canada,Snacks,Online,M,3/6/2011,212380352,3/24/2011,9918,143.19,97.71,1420158.42,969087.78,451070.64
Australia and Oceania,East Timor,Cereal,Offline,M,8/25/2017,200190031,9/24/2017,1006,191.87,115.83,193021.22,116524.98,76496.24
Asia,Turkmenistan,Clothes,Online,H,8/14/2011,963736260,8/19/2011,3787,102.76,34.65,389152.12,131219.55,257932.57
Europe,Luxembourg,Baby Food,Online,H,10/9/2013,656623229,10/14/2013,3125,237.42,165.92,741937.5,518500.0,223437.5
Australia and Oceania,New Zealand,Baby Food,Online,L,2/18/2013,156927526,3/7/2013,3011,258.01,160.31,776868.11,482693.41,294174.7
Australia and Oceania,Fiji,Cosmetics,Online,L,10/15/2013,647397510,10/20/2013,4617,459.34,259.47,2120772.78,1197972.99,922799.79
Asia,Pakistan,Beverages,Offline,C,3/14/2017,852504819,3/18/2017,1784,50.76,31.96,90555.84,57016.64,33539.2
Sub-Saharan Africa,Cote d'Ivoire,Beverages,Online,C,3/19/2017,391269632,3/25/2017,1583,47.5,32.36,75192.5,51225.88,23966.62
Asia,Sri Lanka,Snacks,Online,L,6/26/2015,557748235,7/20/2015,1119,153.65,103.4,171934.35,115704.6,56229.75
Sub-Saharan Africa,Tanzania,Snacks,Online,H,5/12/2010,311289608,5/18/2010,3453,154.9,97.51,534869.7,336702.03,198167.67
Sub-Saharan Africa,South Africa,Fruits,Offline,L,9/1/2010,634900048,9/5/2010,2174,8.83,7.06,19196.42,15348.44,3847.98
Central America and the Caribbean,Belize,Meat,Offline,H,8/6/2011,504016121,8/21/2011,8177,401.21,384.43,3280694.17,3143484.11,137210.06
Sub-Saharan Africa,The Gambia,Vegetables,Online,H,5/26/2012,683637500,6/25/2012,261,144.93,96.11,37826.73,25084.71,12742.02
Central America and the Caribbean,Panama,Personal Care,Online,L,6/9/2016,888137998,6/29/2016,8506,80.72,59.97,686604.32,510104.82,176499.5
Australia and Oceania,Kiribati,Baby Food,Offline,H,2/19/2016,415590639,3/10/2016,6616,237.57,168.23,1571763.12,1113009.68,458753.44
North America,United States,Snacks,Online,H,10/7/2015,910868514,11/2/2015,7732,161.3,94.69,1247171.6,732143.08,515028.52
Central America and the Caribbean,Grenada,Personal Care,Online,L,12/23/2015,309379353,12/30/2015,5385,82.67,54.88,445177.95,295528.8,149649.15
Middle East and North Africa,Iran,Personal Care,Online,L,3/19/2017,640401824,3/30/2017,443,77.89,54.05,34505.27,23944.15,10561.12
North America,United States,Office Supplies,Online,C,7/9/2011,609179629,7/20/2011,9573,643.14,526.59,6156779.22,5041046.07,1115733.15
Asia,Kyrgyzstan,Beverages,Online,H,11/14/2015,771353824,11/26/2015,2983,46.99,31.5,140171.17,93964.5,46206.67
Asia,Nepal,Snacks,Offline,C,2/4/2016,876365187,2/11/2016,2246,161.61,92.45,362976.06,207642.7,155333.36
Middle East and North Africa,Egypt,Household,Online,L,12/20/2011,284510218,1/6/2012,771,630.1,471.08,485807.1,363202.68,122604.42
Middle East and North Africa,Syria,Cereal,Offline,M,7/14/2017,814773208,7/25/2017,6342,217.33,116.99,1378306.86,741950.58,636356.28
Asia,Mongolia,Cereal,Offline,M,4/8/2012,600797227,4/23/2012,2938,219.91,118.63,646095.58,348534.94,297560.64
Central America and the Caribbean,Haiti,Baby Food,Online,H,7/24/2012,789929110,8/21/2012,8572,260.84,167.98,2235920.48,1439924.56,795995.92
North America,Mexico,Vegetables,Offline,L,1/16/2012,191839446,1/24/2012,9534,145.13,94.7,1383669.42,902869.8,480799.62
Sub-Saharan Africa,Mauritania,Clothes,Offline,L,3/23/2014,440180187,4/12/2014,4024,110.92,37.73,446342.08,151825.52,294516.56
Europe,Hungary,Snacks,Online,H,1/20/2010,966192299,1/26/2010,8837,154.33,94.31,1363814.21,833417.47,530396.74
Middle East and North Africa,Iran,Snacks,Offline,L,12/28/2010,666177994,1/22/2011,674,145.72,96.57,98215.28,65088.18,33127.1
Australia and Oceania,East Timor,Clothes,Online,L,8/28/2010,259825776,9/20/2010,872,102.89,37.98,89720.08,33118.56,56601.52
Middle East and North Africa,Iraq,Clothes,Online,H,4/30/2013,295895467,5/26/2013,612,101.92,34.43,62375.04,21071.16,41303.88
North America,United States,Personal Care,Offline,M,8/17/2016,162099303,9/16/2016,7156,77.27,58.06,552944.12,415477.36,137466.76
North America,Canada,Office Supplies,Offline,C,3/4/2011,305979700,3/20/2011,7092,680.08,514.58,4823127.36,3649401.36,1173726.0
North America,Mexico,Office Supplies,Online,L,9/27/2014,844078626,10/13/2014,8629,617.15,519.72,5325387.35,4484663.88,840723.47
Australia and Oceania,Federated States of Micronesia,Baby Food,Online,M,6/23/2010,281131080,6/27/2010,2480,254.53,157.27,631234.4,390029.6,241204.8
Sub-Saharan Africa,The Gambia,Personal Care,Offline,M,4/5/2013,173842687,4/10/2013,1327,78.11,53.63,103651.97,71167.01,32484.96
Europe,France,Baby Food,Online,H,10/23/2015,533747848,11/21/2015,201,251.32,169.92,50515.32,34153.92,16361.4
North America,United States,Clothes,Online,C,10/5/2017,358387650,10/17/2017,1489,115.67,34.43,172232.63,51266.27,120966.36
Europe,United Kingdom,Household,Online,M,4/16/2013,617757338,4/22/2013,558,700.36,506.51,390800.88,282632.58,108168.3
Central America and the Caribbean,Nicaragua,Cereal,Online,L,4/15/2010,953421200,5/1/2010,7616,192.41,116.52,1465394.56,887416.32,577978.24
Middle East and North Africa,Saudi Arabia,Vegetables,Offline,L,9/2/2017,879259788,9/11/2017,6004,154.96,96.59,930379.84,579926.36,350453.48
Middle East and North Africa,Israel,Personal Care,Online,M,8/30/2010,136501860,9/18/2010,9675,77.82,57.92,752908.5,560376.0,192532.5
Central America and the Caribbean,Cuba,Snacks,Offline,M,1/4/2015,714731321,1/17/2015,3135,145.47,100.69,456048.45,315663.15,140385.3
Asia,Indonesia,Beverages,Online,L,2/7/2010,270457348,3/1/2010,6925,47.5,30.26,328937.5,209550.5,119387.0
Europe,Portugal,Snacks,Online,L,3/10/2012,142995893,3/22/2012,5581,151.93,90.95,847921.33,507591.95,340329.38
Europe,San Marino,Office Supplies,Online,H,10/15/2012,781761636,10/26/2012,5163,674.4,511.55,3481927.2,2641132.65,840794.55
North America,Mexico,Snacks,Online,L,6/1/2013,505892114,6/5/2013,4002,143.93,101.39,576007.86,405762.78,170245.08
Europe,Romania,Office Supplies,Online,H,11/20/2015,507040509,12/19/2015,5616,675.05,556.94,3791080.8,3127775.04,663305.76
North America,Canada,Baby Food,Online,H,5/11/2011,737839348,6/2/2011,9958,261.63,162.24,2605311.54,1615585.92,989725.62
Middle East and North Africa,Kuwait,Personal Care,Online,H,8/14/2012,278953533,8/29/2012,7616,85.55,57.62,651548.8,438833.92,212714.88
Sub-Saharan Africa,Liberia,Baby Food,Offline,M,4/14/2016,565845701,5/13/2016,1200,257.64,166.59,309168.0,199908.0,109260.0
Sub-Saharan Africa,Zambia,Meat,Offline,C,11/10/2015,215112428,11/25/2015,7367,445.52,344.12,3282145.84,2535132.04,747013.8
Central America and the Caribbean,Dominican Republic,Baby Food,Online,M,6/30/2016,881169869,7/17/2016,3490,240.92,158.57,840810.8,553409.3,287401.5
Central America and the Caribbean,Guatemala,Meat,Online,M,12/19/2012,864583219,12/30/2012,1685,408.8,390.17,688828.0,657436.45,31391.55
Central America and the Caribbean,Honduras,Fruits,Offline,M,4/18/2013,950848080,5/16/2013,4691,8.77,6.96,41140.07,32649.36,8490.71
North America,Mexico,Personal Care,Online,H,8/11/2014,272532289,8/29/2014,5532,87.0,57.05,481284.0,315600.6,165683.4
Sub-Saharan Africa,Tanzania,Beverages,Online,C,3/31/2015,929599358,4/7/2015,3306,44.63,30.95,147546.78,102320.7,45226.08
Central America and the Caribbean,Guatemala,Office Supplies,Offline,M,6/9/2013,120602242,6/26/2013,3916,673.0,499.34,2635468.0,1955415.44,680052.56
Asia,Turkmenistan,Beverages,Offline,H,2/7/2015,891756522,2/24/2015,3142,47.01,33.23,147705.42,104408.66,43296.76
Sub-Saharan Africa,Ethiopia,Household,Online,M,9/5/2015,325408415,10/3/2015,4124,664.73,528.36,2741346.52,2178956.64,562389.88
Middle East and North Africa,Israel,Office Supplies,Online,C,11/23/2016,382858257,12/12/2016,139,618.6,558.14,85985.4,77581.46,8403.94
Asia,Mongolia,Meat,Online,L,9/23/2017,627397840,9/27/2017,4659,393.37,384.21,1832710.83,1790034.39,42676.44
North America,Canada,Office Supplies,Offline,M,1/30/2017,735539750,2/15/2017,2767,667.83,542.26,1847885.61,1500433.42,347452.19
Australia and Oceania,Vanuatu,Vegetables,Offline,C,10/2/2010,150724521,11/1/2010,466,157.47,96.14,73381.02,44801.24,28579.78
Asia,Vietnam,Cosmetics,Offline,L,9/24/2011,379401218,10/14/2011,5596,446.58,269.29,2499061.68,1506946.84,992114.84
Central America and the Caribbean,Nicaragua,Cosmetics,Online,M,4/14/2013,956289247,5/5/2013,8955,465.67,277.09,4170074.85,2481340.95,1688733.9
Central America and the Caribbean,Guatemala,Beverages,Online,C,9/28/2016,189433739,10/4/2016,5114,44.37,30.25,226908.18,154698.5,72209.68
Sub-Saharan Africa,Zambia,Cereal,Offline,H,2/19/2016,368414310,3/1/2016,3565,212.04,125.25,755922.6,446516.25,309406.35
Europe,Bulgaria,Clothes,Online,H,1/4/2012,821006528,2/1/2012,9322,113.44,35.68,1057487.68,332608.96,724878.72
Central America and the Caribbean,Cuba,Fruits,Offline,C,12/15/2017,556730503,1/5/2018,6643,9.55,7.31,63440.65,48560.33,14880.32
Middle East and North Africa,Tunisia,Cosmetics,Online,C,3/21/2010,662406220,4/7/2010,2216,456.37,277.3,1011315.92,614496.8,396819.12
Sub-Saharan Africa,Cote d'Ivoire,Office Supplies,Offline,M,1/2/2014,648603460,1/27/2014,4248,678.53,527.54,2882395.44,2240989.92,641405.52
Central America and the Caribbean,Honduras,Office Supplies,Offline,C,2/14/2011,566639539,3/10/2011,847,626.16,553.97,530357.52,469212.59,61144.93
Sub-Saharan Africa,Togo,Beverages,Online,L,1/11/2016,669049273,2/9/2016,9735,45.84,29.59,446252.4,288058.65,158193.75
Middle East and North Africa,Kuwait,Office Supplies,Offline,L,12/25/2014,774706742,1/4/2015,2778,623.7,534.43,1732638.6,1484646.54,247992.06
Central America and the Caribbean,Mexico,Household,Offline,H,5/3/2011,436864456,5/19/2011,8477,646.27,484.46,5478430.79,4106767.42,1371663.37
Australia and Oceania,Australia,Cosmetics,Offline,M,4/28/2011,735514130,5/16/2011,590,435.09,273.86,256703.1,161577.4,95125.7
Europe,Italy,Clothes,Offline,H,12/10/2017,535929838,12/20/2017,4207,113.1,37.31,475811.7,156963.17,318848.53
Sub-Saharan Africa,Rwanda,Cosmetics,Online,M,4/26/2014,197649874,5/16/2014,6099,420.54,269.26,2564873.46,1642216.74,922656.72
Middle East and North Africa,Libya,Personal Care,Online,H,3/5/2013,400654999,3/27/2013,3687,78.83,57.84,290646.21,213256.08,77390.13
Middle East and North Africa,Morocco,Meat,Offline,C,5/7/2013,255562684,5/11/2013,6942,403.47,346.17,2800888.74,2403112.14,397776.6
Europe,Bulgaria,Fruits,Online,L,10/17/2017,916673898,11/4/2017,801,9.96,7.07,7977.96,5663.07,2314.89
Europe,Norway,Fruits,Offline,L,6/26/2010,956136436,7/18/2010,8416,8.9,7.29,74902.4,61352.64,13549.76
Sub-Saharan Africa,Madagascar,Cereal,Online,H,10/29/2012,901087699,11/16/2012,7033,211.98,109.82,1490855.34,772364.06,718491.28
Middle East and North Africa,Bahrain,Personal Care,Offline,M,5/6/2011,228691245,5/11/2011,8774,82.5,56.03,723855.0,491607.22,232247.78
Sub-Saharan Africa,Republic of the Congo,Beverages,Offline,H,5/22/2012,107521534,5/30/2012,3515,46.53,32.14,163552.95,112972.1,50580.85
Australia and Oceania,Fiji,Clothes,Online,M,2/17/2014,601426542,3/15/2014,3070,109.41,36.09,335888.7,110796.3,225092.4
Central America and the Caribbean,Belize,Household,Offline,L,5/25/2013,892876758,6/14/2013,2830,694.89,477.5,1966538.7,1351325.0,615213.7
North America,United States,Cereal,Offline,C,4/2/2012,888402899,4/13/2012,8205,208.51,115.65,1710824.55,948908.25,761916.3
North America,United States,Beverages,Offline,H,9/25/2012,565387007,10/16/2012,7729,45.95,32.67,355147.55,252506.43,102641.12
Europe,Malta,Meat,Offline,L,5/28/2013,807815684,6/13/2013,6900,439.37,376.88,3031653.0,2600472.0,431181.0
Middle East and North Africa,UAE,Cosmetics,Offline,M,7/29/2015,563708542,8/17/2015,2437,442.91,262.2,1079371.67,638981.4,440390.27
North America,United States,Meat,Online,L,10/10/2013,649680974,10/25/2013,7487,399.65,372.63,2992179.55,2789880.81,202298.74
Central America and the Caribbean,Haiti,Meat,Online,M,11/14/2012,570262402,12/8/2012,3680,413.11,350.62,1520244.8,1290281.6,229963.2
Sub-Saharan Africa,Democratic Republic of the Congo,Meat,Offline,H,8/2/2012,475451033,8/22/2012,2126,404.44,348.42,859839.44,740740.92,119098.52
Australia and Oceania,Federated States of Micronesia,Cereal,Online,M,10/18/2015,751214152,10/24/2015,4294,193.38,117.88,830373.72,506176.72,324197.0
Middle East and North Africa,Saudi Arabia,Vegetables,Online,C,7/2/2012,258895276,7/15/2012,4792,144.66,96.71,693210.72,463434.32,229776.4
Australia and Oceania,Samoa,Cosmetics,Online,C,10/18/2014,485564095,10/26/2014,7007,450.23,256.28,3154761.61,1795753.96,1359007.65
Sub-Saharan Africa,Cape Verde,Personal Care,Online,L,6/27/2011,475258333,7/15/2011,8256,86.84,53.08,716951.04,438228.48,278722.56
Asia,India,Baby Food,Online,H,5/9/2016,817488691,5/29/2016,5016,237.84,162.88,1193005.44,817006.08,375999.36
North America,Mexico,Household,Online,M,12/17/2016,927535291,12/30/2016,3081,656.03,511.43,2021228.43,1575715.83,445512.6
Australia and Oceania,Federated States of Micronesia,Personal Care,Online,C,1/1/2015,851605006,1/11/2015,6913,86.36,58.5,597006.68,404410.5,192596.18
Australia and Oceania,Fiji,Cereal,Online,M,7/26/2011,193731671,8/22/2011,719,214.68,119.7,154354.92,86064.3,68290.62
Middle East and North Africa,Lebanon,Personal Care,Online,L,7/31/2010,762347483,8/19/2010,7681,78.67,53.9,604264.27,414005.9,190258.37
Australia and Oceania,Solomon Islands,Snacks,Online,L,2/11/2012,505393899,3/5/2012,5094,147.81,92.67,752944.14,472060.98,280883.16
Australia and Oceania,Vanuatu,Household,Offline,C,2/18/2015,420190059,3/12/2015,9641,638.89,480.85,6159538.49,4635874.85,1523663.64
Middle East and North Africa,Israel,Clothes,Offline,M,5/15/2016,651527694,5/22/2016,9667,110.32,33.74,1066463.44,326164.58,740298.86
Europe,Romania,Clothes,Offline,C,10/5/2012,301397574,10/30/2012,1811,107.49,36.87,194664.39,66771.57,127892.82
Sub-Saharan Africa,Cameroon,Fruits,Offline,L,8/5/2013,803128131,8/18/2013,4269,8.87,6.66,37866.03,28431.54,9434.49
Australia and Oceania,New Zealand,Baby Food,Online,M,11/15/2013,586715695,12/7/2013,398,245.32,165.35,97637.36,65809.3,31828.06
Sub-Saharan Africa,Sierra Leone,Meat,Offline,H,3/26/2015,420767433,4/14/2015,9243,413.78,387.0,3824568.54,3577041.0,247527.54
Asia,Sri Lanka,Clothes,Online,C,11/21/2012,189735081,12/7/2012,5710,115.06,34.94,656992.6,199507.4,457485.2
Middle East and North Africa,Bahrain,Cereal,Offline,H,2/12/2011,645434652,2/22/2011,9998,212.03,116.94,2119875.94,1169166.12,950709.82
Europe,Czech Republic,Cereal,Online,H,11/15/2013,485943298,12/12/2013,3020,194.82,115.77,588356.4,349625.4,238731.0
Middle East and North Africa,Iraq,Beverages,Offline,L,8/31/2016,861772143,9/12/2016,8219,49.95,29.61,410539.05,243364.59,167174.46
Sub-Saharan Africa,Democratic Republic of the Congo,Cereal,Offline,L,4/22/2017,955666645,5/11/2017,9698,191.86,116.98,1860658.28,1134472.04,726186.24
Middle East and North Africa,Egypt,Snacks,Online,H,1/30/2014,441592067,2/9/2014,7487,160.76,101.63,1203610.12,760903.81,442706.31
Middle East and North Africa,Azerbaijan,Cosmetics,Online,L,1/13/2017,145629260,2/10/2017,5081,408.44,255.16,2075283.64,1296467.96,778815.68
Europe,Hungary,Household,Online,C,9/12/2012,521762843,10/4/2012,8858,622.35,516.87,5512776.3,4578434.46,934341.84
Middle East and North Africa,Iran,Clothes,Online,M,3/26/2013,469273249,4/21/2013,3969,106.4,35.1,422301.6,139311.9,282989.7
Middle East and North Africa,UAE,Vegetables,Online,C,2/14/2014,141085134,3/6/2014,983,145.16,91.0,142692.28,89453.0,53239.28
Sub-Saharan Africa,Zimbabwe,Cereal,Offline,C,1/24/2015,727107961,2/13/2015,3860,209.42,112.02,808361.2,432397.2,375964.0
Europe,France,Personal Care,Online,H,1/20/2015,411726525,2/15/2015,8715,76.66,56.84,668091.9,495360.6,172731.3
North America,United States,Beverages,Offline,C,5/18/2011,922498265,6/15/2011,6676,44.48,29.58,296948.48,197476.08,99472.4
Central America and the Caribbean,Jamaica,Personal Care,Online,H,5/24/2013,913946867,6/12/2013,6183,78.02,59.05,482397.66,365106.15,117291.51
Middle East and North Africa,Jordan,Personal Care,Online,C,9/27/2013,413231937,10/2/2013,2215,78.81,56.52,174564.15,125191.8,49372.35
Central America and the Caribbean,Trinidad and Tobago,Cosmetics,Online,H,9/18/2012,239470588,10/7/2012,1991,443.1,266.88,882212.1,531358.08,350854.02
Australia and Oceania,Fiji,Vegetables,Offline,C,4/29/2011,432915108,5/13/2011,3512,152.97,91.88,537230.64,322682.56,214548.08
Australia and Oceania,Samoa,Snacks,Offline,M,12/27/2015,134494811,1/3/2016,5201,161.99,94.72,842509.99,492638.72,349871.27
Europe,Netherlands,Vegetables,Offline,L,3/24/2012,879803702,4/18/2012,2485,152.73,91.58,379534.05,227576.3,151957.75
Europe,France,Vegetables,Offline,C,3/9/2015,757239916,3/24/2015,5072,149.31,84.96,757300.32,430917.12,326383.2
Asia,Nepal,Snacks,Offline,C,10/22/2016,604381238,11/19/2016,1538,142.72,98.76,219503.36,151892.88,67610.48
Australia and Oceania,New Zealand,Beverages,Offline,M,6/26/2012,310611662,7/14/2012,5911,44.17,30.62,261088.87,180994.82,80094.05
Middle East and North Africa,Iraq,Vegetables,Online,M,10/30/2015,389819334,11/28/2015,3351,158.34,85.06,530597.34,285036.06,245561.28
Central America and the Caribbean,Grenada,Fruits,Offline,L,7/16/2014,366211994,7/20/2014,4053,9.13,6.59,37003.89,26709.27,10294.62
Central America and the Caribbean,Cuba,Office Supplies,Offline,H,5/6/2011,374938726,5/9/2011,623,614.36,500.22,382746.28,311637.06,71109.22
Sub-Saharan Africa,Cote d'Ivoire,Snacks,Offline,L,10/27/2013,911478833,11/26/2013,1633,162.88,97.31,265983.04,158907.23,107075.81
Australia and Oceania,Solomon Islands,Clothes,Online,C,12/5/2012,416014157,12/28/2012,3228,107.79,34.14,347946.12,110203.92,237742.2
North America,Canada,Personal Care,Online,L,12/18/2014,324140313,12/31/2014,7399,83.53,58.67,618038.47,434099.33,183939.14
Australia and Oceania,Fiji,Cereal,Online,H,10/25/2016,482868809,11/13/2016,4156,194.47,116.34,808217.32,483509.04,324708.28
Sub-Saharan Africa,Tanzania,Baby Food,Online,C,4/28/2010,897393289,5/23/2010,9344,256.23,151.85,2394213.12,1418886.4,975326.72
North America,Mexico,Fruits,Offline,H,12/11/2014,704675962,1/7/2015,2390,8.99,7.31,21486.1,17470.9,4015.2
Sub-Saharan Africa,Senegal,Cosmetics,Offline,M,8/12/2017,367393744,9/4/2017,7023,452.33,280.8,3176713.59,1972058.4,1204655.19
North America,Canada,Snacks,Offline,C,7/11/2011,536153803,8/7/2011,710,161.84,101.89,114906.4,72341.9,42564.5
Europe,San Marino,Baby Food,Offline,M,1/5/2010,911324372,2/3/2010,5336,244.01,164.08,1302037.36,875530.88,426506.48
Central America and the Caribbean,Nicaragua,Baby Food,Offline,C,8/27/2011,914338490,9/6/2011,8999,241.15,151.53,2170108.85,1363618.47,806490.38
Middle East and North Africa,UAE,Office Supplies,Offline,C,4/20/2013,849914543,5/14/2013,8093,606.36,550.44,4907271.48,4454710.92,452560.56
North America,Mexico,Household,Offline,L,6/23/2016,900767419,7/7/2016,5682,707.82,496.26,4021833.24,2819749.32,1202083.92
Europe,United Kingdom,Office Supplies,Offline,H,9/19/2017,781345894,9/29/2017,6493,687.89,559.76,4466469.77,3634521.68,831948.09
North America,United States,Baby Food,Offline,C,5/30/2011,858665923,6/13/2011,3115,239.98,149.04,747537.7,464259.6,283278.1
Sub-Saharan Africa,Liberia,Fruits,Online,C,5/2/2015,993893134,5/9/2015,5837,8.94,6.68,52182.78,38991.16,13191.62
Middle East and North Africa,Morocco,Clothes,Online,L,3/5/2017,613969806,3/17/2017,4928,107.73,33.63,530893.44,165728.64,365164.8
Middle East and North Africa,Egypt,Household,Online,L,2/13/2015,404051421,2/22/2015,8362,686.04,524.54,5736666.48,4386203.48,1350463.0
Sub-Saharan Africa,Senegal,Clothes,Online,H,3/14/2012,670693986,3/29/2012,3671,109.44,37.67,401754.24,138286.57,263467.67
Central America and the Caribbean,Cuba,Meat,Offline,L,8/14/2016,283015087,9/12/2016,1128,413.26,367.27,466157.28,414280.56,51876.72
Sub-Saharan Africa,Ghana,Cosmetics,Offline,L,8/28/2010,208466745,9/18/2010,8517,458.76,256.59,3907258.92,2185377.03,1721881.89
Central America and the Caribbean,Honduras,Beverages,Online,M,3/29/2016,310748274,4/7/2016,4797,45.09,30.02,216296.73,144005.94,72290.79
Asia,Japan,Office Supplies,Online,H,10/28/2015,683205628,11/27/2015,6603,665.11,521.75,4391721.33,3445115.25,946606.08
Asia,Turkmenistan,Beverages,Online,C,7/31/2010,922495231,8/13/2010,4808,50.7,31.36,243765.6,150778.88,92986.72
Asia,Bangladesh,Cosmetics,Online,M,2/2/2012,791780472,2/27/2012,9097,442.48,258.75,4025240.56,2353848.75,1671391.81
Asia,Mongolia,Beverages,Offline,L,4/16/2012,211822176,5/5/2012,6612,46.21,32.2,305540.52,212906.4,92634.12
Sub-Saharan Africa,Angola,Clothes,Offline,M,10/27/2016,713654732,11/20/2016,8255,110.34,37.55,910856.7,309975.25,600881.45
Europe,Austria,Snacks,Online,L,3/15/2011,544816182,4/3/2011,4424,143.44,95.5,634578.56,422492.0,212086.56
Central America and the Caribbean,Belize,Baby Food,Online,H,11/12/2013,249764908,11/26/2013,3881,270.15,157.35,1048452.15,610675.35,437776.8
Middle East and North Africa,Kuwait,Clothes,Online,L,4/17/2016,410141951,4/20/2016,5447,106.3,34.87,579016.1,189936.89,389079.21
Middle East and North Africa,Saudi Arabia,Clothes,Online,L,3/14/2010,665945429,4/9/2010,4659,109.59,37.41,510579.81,174293.19,336286.62
Central America and the Caribbean,Mexico,Cosmetics,Offline,M,9/20/2015,101881733,9/26/2015,9274,410.49,270.79,3806884.26,2511306.46,1295577.8
North America,Canada,Personal Care,Online,M,9/18/2014,603663112,10/1/2014,3680,78.57,59.1,289137.6,217488.0,71649.6
Middle East and North Africa,Algeria,Vegetables,Offline,C,9/1/2014,846103879,9/14/2014,1821,158.87,92.28,289302.27,168041.88,121260.39
Middle East and North Africa,Iraq,Beverages,Offline,M,4/29/2011,514643451,5/29/2011,3165,49.55,31.95,156825.75,101121.75,55704.0
Europe,Serbia,Beverages,Offline,H,1/16/2017,575007840,1/22/2017,5220,48.78,30.78,254631.6,160671.6,93960.0
Middle East and North Africa,Qatar,Household,Offline,C,9/18/2011,528614114,10/10/2011,1468,636.05,474.25,933721.4,696199.0,237522.4
Australia and Oceania,Kiribati,Meat,Online,L,1/4/2016,457201587,1/29/2016,111,408.13,388.56,45302.43,43130.16,2172.27
North America,United States,Clothes,Online,M,10/10/2013,105779159,10/28/2013,1951,106.47,36.64,207722.97,71484.64,136238.33
Australia and Oceania,East Timor,Meat,Offline,C,7/9/2016,133133326,7/13/2016,6483,409.1,351.75,2652195.3,2280395.25,371800.05
Middle East and North Africa,Egypt,Personal Care,Online,C,6/5/2015,148842599,6/13/2015,3010,87.24,59.6,262592.4,179396.0,83196.4
Asia,Bangladesh,Beverages,Online,C,11/10/2016,526323381,12/7/2016,8659,49.41,30.57,427841.19,264705.63,163135.56
Sub-Saharan Africa,Ethiopia,Meat,Offline,M,10/19/2010,985812096,10/31/2010,295,416.18,339.65,122773.1,100196.75,22576.35
Sub-Saharan Africa,Cape Verde,Meat,Offline,M,9/7/2012,182970303,9/29/2012,4159,434.74,342.78,1808083.66,1425622.02,382461.64
Asia,Nepal,Cosmetics,Offline,M,4/15/2017,280731312,4/23/2017,9716,448.54,254.04,4358014.64,2468252.64,1889762.0
Australia and Oceania,Samoa,Office Supplies,Offline,L,7/20/2010,249093282,8/19/2010,2806,693.01,550.35,1944586.06,1544282.1,400303.96
North America,Canada,Cosmetics,Offline,C,7/16/2013,231165225,7/27/2013,452,459.14,258.14,207531.28,116679.28,90852.0
North America,Canada,Snacks,Online,C,7/28/2014,170940823,8/22/2014,6100,148.11,95.41,903471.0,582001.0,321470.0
Central America and the Caribbean,Honduras,Meat,Online,C,10/22/2017,483792749,11/19/2017,2070,412.05,352.07,852943.5,728784.9,124158.6
Central America and the Caribbean,Cuba,Office Supplies,Offline,M,12/5/2013,839190211,12/8/2013,5782,690.11,560.59,3990216.02,3241331.38,748884.64
Sub-Saharan Africa,Chad,Vegetables,Online,M,3/7/2013,516119076,4/1/2013,6985,151.49,96.19,1058157.65,671887.15,386270.5
Central America and the Caribbean,Cuba,Office Supplies,Offline,C,7/10/2017,443961949,7/27/2017,7032,667.61,510.29,4694633.52,3588359.28,1106274.24
Middle East and North Africa,Lebanon,Snacks,Offline,L,4/3/2016,383137910,4/25/2016,2461,145.86,93.88,358961.46,231038.68,127922.78
Europe,Luxembourg,Cereal,Online,M,8/21/2017,843855381,8/28/2017,5616,207.41,116.9,1164814.56,656510.4,508304.16
Europe,Estonia,Baby Food,Offline,H,3/3/2010,262348063,3/21/2010,2711,249.55,154.57,676530.05,419039.27,257490.78
North America,Mexico,Vegetables,Offline,H,5/18/2012,197623112,6/17/2012,6929,159.43,95.6,1104690.47,662412.4,442278.07
Sub-Saharan Africa,Cape Verde,Baby Food,Offline,C,8/23/2012,777434340,9/2/2012,5416,244.22,154.05,1322695.52,834334.8,488360.72
Australia and Oceania,Fiji,Cereal,Offline,H,9/2/2010,210859016,9/28/2010,6551,205.11,121.69,1343675.61,797191.19,546484.42
Middle East and North Africa,Oman,Vegetables,Offline,M,1/12/2013,147090388,1/20/2013,8330,146.29,94.99,1218595.7,791266.7,427329.0
North America,Mexico,Snacks,Offline,M,9/29/2011,846298648,10/29/2011,7854,149.11,103.5,1171109.94,812889.0,358220.94
Middle East and North Africa,Saudi Arabia,Meat,Online,M,9/15/2010,953640412,10/5/2010,4167,429.41,347.37,1789351.47,1447490.79,341860.68
Sub-Saharan Africa,Guinea,Snacks,Online,C,2/10/2014,288313362,2/19/2014,5184,144.66,93.57,749917.44,485066.88,264850.56
North America,Canada,Fruits,Offline,C,5/4/2011,360951390,5/27/2011,664,9.27,6.48,6155.28,4302.72,1852.56
Australia and Oceania,Federated States of Micronesia,Clothes,Offline,H,10/22/2014,446171536,11/10/2014,3406,112.26,34.0,382357.56,115804.0,266553.56
Middle East and North Africa,Oman,Personal Care,Online,C,12/11/2017,917699016,12/27/2017,2666,83.96,59.05,223837.36,157427.3,66410.06
Central America and the Caribbean,Panama,Vegetables,Offline,M,5/1/2017,204509852,5/19/2017,3044,147.66,87.07,449477.04,265041.08,184435.96
Central America and the Caribbean,Costa Rica,Baby Food,Online,L,9/25/2016,900749819,9/28/2016,247,264.38,161.54,65301.86,39900.38,25401.48
Australia and Oceania,Samoa,Personal Care,Online,L,2/15/2014,438501146,2/28/2014,1099,77.13,53.78,84765.87,59104.22,25661.65
Central America and the Caribbean,Nicaragua,Clothes,Offline,M,2/25/2015,862658592,3/1/2015,5236,113.55,37.67,594547.8,197240.12,397307.68
Europe,Croatia,Cereal,Online,C,9/10/2010,239855679,9/30/2010,1674,215.06,118.83,360010.44,198921.42,161089.02
Europe,Norway,Clothes,Offline,L,12/12/2014,106720378,12/23/2014,1225,115.21,37.52,141132.25,45962.0,95170.25
Australia and Oceania,New Zealand,Beverages,Online,C,5/29/2014,112485264,6/22/2014,7460,50.32,33.16,375387.2,247373.6,128013.6
Asia,India,Office Supplies,Offline,H,8/5/2014,870653009,8/16/2014,7953,679.25,554.2,5402075.25,4407552.6,994522.65
North America,United States,Baby Food,Online,M,1/14/2012,520278295,1/31/2012,5690,273.03,151.53,1553540.7,862205.7,691335.0
Middle East and North Africa,Oman,Clothes,Offline,M,10/16/2010,498959677,11/2/2010,5547,115.21,34.37,639069.87,190650.39,448419.48
Sub-Saharan Africa,Zambia,Baby Food,Online,H,4/11/2011,585929174,4/14/2011,3437,245.58,155.19,844058.46,533388.03,310670.43
North America,United States,Cosmetics,Online,H,3/10/2013,205286360,3/23/2013,1596,416.83,261.7,665260.68,417673.2,247587.48
Middle East and North Africa,Syria,Baby Food,Offline,M,5/2/2014,469247415,5/28/2014,7349,251.65,149.09,1849375.85,1095662.41,753713.44
North America,Mexico,Office Supplies,Offline,C,12/16/2014,233583590,1/8/2015,8691,609.69,559.66,5298815.79,4864005.06,434810.73
Middle East and North Africa,Syria,Cosmetics,Offline,H,1/8/2010,154761654,1/26/2010,8832,430.53,259.98,3802440.96,2296143.36,1506297.6
Middle East and North Africa,Azerbaijan,Household,Online,M,11/30/2017,839176563,12/11/2017,5494,682.72,525.85,3750863.68,2889019.9,861843.78
Europe,Latvia,Baby Food,Offline,M,11/23/2012,491572673,12/9/2012,6215,259.97,169.1,1615713.55,1050956.5,564757.05
Europe,Finland,Beverages,Offline,C,2/27/2012,548683510,3/23/2012,9257,49.72,31.28,460258.04,289558.96,170699.08
Central America and the Caribbean,Costa Rica,Household,Offline,H,5/31/2015,168057597,6/21/2015,2239,698.12,511.26,1563090.68,1144711.14,418379.54
Middle East and North Africa,Kuwait,Baby Food,Offline,M,5/30/2011,623794921,6/20/2011,7985,255.65,167.52,2041365.25,1337647.2,703718.05
North America,Mexico,Clothes,Offline,M,8/23/2016,924145928,8/31/2016,8807,105.27,35.48,927112.89,312472.36,614640.53
Sub-Saharan Africa,Democratic Republic of the Congo,Clothes,Offline,L,6/23/2013,609159669,7/2/2013,2064,102.16,36.27,210858.24,74861.28,135996.96
Central America and the Caribbean,Panama,Fruits,Offline,C,4/26/2015,216592922,5/22/2015,8349,9.08,6.68,75808.92,55771.32,20037.6
Australia and Oceania,Australia,Clothes,Online,M,9/28/2017,627244171,10/21/2017,8001,106.88,36.96,855146.88,295716.96,559429.92
Europe,Hungary,Clothes,Online,M,1/14/2012,907501143,2/7/2012,6365,111.01,33.74,706578.65,214755.1,491823.55
Middle East and North Africa,Oman,Baby Food,Offline,M,3/3/2012,312095505,3/25/2012,4701,244.3,162.04,1148454.3,761750.04,386704.26
Sub-Saharan Africa,Cameroon,Personal Care,Offline,M,11/15/2012,683979076,11/23/2012,2225,77.74,57.97,172971.5,128983.25,43988.25
Sub-Saharan Africa,Burkina Faso,Fruits,Online,H,12/2/2014,365035936,12/12/2014,6947,9.48,6.48,65857.56,45016.56,20841.0
North America,United States,Clothes,Offline,M,12/23/2012,178550768,1/14/2013,3042,102.24,36.14,311014.08,109937.88,201076.2
Sub-Saharan Africa,Mauritania,Clothes,Online,C,6/22/2011,695839221,7/11/2011,9861,106.85,37.78,1053647.85,372548.58,681099.27
Central America and the Caribbean,Panama,Baby Food,Offline,C,9/24/2015,732631705,10/12/2015,314,259.44,155.74,81464.16,48902.36,32561.8
North America,Mexico,Cereal,Offline,C,12/27/2011,298059135,1/22/2012,2067,204.36,125.22,422412.12,258829.74,163582.38
Central America and the Caribbean,Grenada,Vegetables,Offline,C,1/24/2016,803050873,2/3/2016,3751,145.31,93.47,545057.81,350605.97,194451.84
Sub-Saharan Africa,Mali,Meat,Online,H,9/1/2013,435938499,9/25/2013,7861,425.56,347.83,3345327.16,2734291.63,611035.53
Sub-Saharan Africa,Zambia,Household,Offline,C,8/15/2014,616554012,8/25/2014,567,659.59,471.35,373987.53,267255.45,106732.08
Australia and Oceania,Fiji,Vegetables,Offline,H,7/16/2016,767534236,8/8/2016,9974,162.04,94.15,1616186.96,939052.1,677134.86
Australia and Oceania,Vanuatu,Personal Care,Online,H,11/30/2017,548341275,12/12/2017,958,86.63,57.81,82991.54,55381.98,27609.56
Asia,India,Household,Online,H,8/6/2015,990861912,9/3/2015,550,627.99,495.07,345394.5,272288.5,73106.0
Central America and the Caribbean,Grenada,Household,Online,H,1/30/2011,608783285,2/16/2011,9982,652.57,512.8,6513953.74,5118769.6,1395184.14
Australia and Oceania,Federated States of Micronesia,Household,Online,C,10/23/2012,563354077,10/30/2012,9945,709.63,498.24,7057270.35,4954996.8,2102273.55
Asia,South Korea,Office Supplies,Offline,M,2/20/2012,368342244,3/16/2012,4635,620.78,542.05,2877315.3,2512401.75,364913.55
Australia and Oceania,Tuvalu,Vegetables,Offline,M,3/5/2016,399292393,3/20/2016,786,153.55,85.22,120690.3,66982.92,53707.38
Middle East and North Africa,Kuwait,Personal Care,Offline,C,12/15/2011,573679491,1/4/2012,1928,77.54,57.15,149497.12,110185.2,39311.92
Europe,France,Cosmetics,Online,C,6/18/2011,584110674,7/13/2011,7781,449.19,249.74,3495147.39,1943226.94,1551920.45
North America,United States,Meat,Online,C,4/29/2015,903009125,5/6/2015,602,394.45,380.34,237458.9,228964.68,8494.22
North America,United States,Office Supplies,Offline,M,6/1/2016,674306509,6/25/2016,1273,628.26,533.35,799774.98,678954.55,120820.43
Europe,Poland,Personal Care,Offline,M,4/28/2012,380135544,5/7/2012,4134,82.58,56.03,341385.72,231628.02,109757.7
Australia and Oceania,Vanuatu,Beverages,Online,C,10/17/2011,938932025,10/29/2011,9610,47.01,33.98,451766.1,326547.8,125218.3
Australia and Oceania,East Timor,Fruits,Offline,M,5/14/2011,155513252,5/24/2011,5611,9.86,6.55,55324.46,36752.05,18572.41
Central America and the Caribbean,Jamaica,Cosmetics,Offline,L,8/23/2016,863401796,9/19/2016,2341,433.71,254.15,1015315.11,594965.15,420349.96
Australia and Oceania,Samoa,Cosmetics,Offline,L,9/26/2014,491347935,10/18/2014,9332,433.71,256.79,4047381.72,2396364.28,1651017.44
Europe,United Kingdom,Vegetables,Online,M,9/4/2013,788937196,9/14/2013,2009,157.82,95.05,317060.38,190955.45,126104.93
Australia and Oceania,East Timor,Vegetables,Offline,C,11/24/2010,907667839,12/5/2010,9759,150.24,92.58,1466192.16,903488.22,562703.94
North America,Canada,Baby Food,Offline,M,7/26/2012,561219964,8/8/2012,4122,267.84,160.16,1104036.48,660179.52,443856.96
Europe,Monaco,Fruits,Online,C,9/14/2016,366160098,9/22/2016,4920,9.65,6.55,47478.0,32226.0,15252.0
Australia and Oceania,Federated States of Micronesia,Beverages,Online,L,5/10/2013,914990053,5/29/2013,4028,50.69,30.8,204179.32,124062.4,80116.92
Central America and the Caribbean,Mexico,Meat,Online,M,1/5/2015,281122227,1/11/2015,6063,397.59,375.89,2410588.17,2279021.07,131567.1
Sub-Saharan Africa,Nigeria,Office Supplies,Offline,L,1/9/2012,506846703,1/26/2012,8916,623.09,499.69,5555470.44,4455236.04,1100234.4
Australia and Oceania,Kiribati,Cereal,Online,M,5/4/2015,902730938,5/23/2015,4821,214.34,121.27,1033333.14,584642.67,448690.47
Middle East and North Africa,Lebanon,Beverages,Online,C,8/14/2011,836519515,8/30/2011,4309,46.33,33.57,199635.97,144653.13,54982.84
Australia and Oceania,Kiribati,Baby Food,Online,L,5/26/2016,422646837,6/20/2016,4149,248.74,149.39,1032022.26,619819.11,412203.15
Asia,Bangladesh,Meat,Online,H,12/29/2011,686233546,1/10/2012,9536,435.67,375.49,4154549.12,3580672.64,573876.48
Middle East and North Africa,Kuwait,Cosmetics,Offline,C,4/18/2013,487428612,4/26/2013,3243,429.33,273.48,1392317.19,886895.64,505421.55
Europe,Iceland,Personal Care,Offline,C,9/8/2013,896171842,9/15/2013,8384,78.67,57.65,659569.28,483337.6,176231.68
North America,Canada,Clothes,Online,H,10/25/2014,977487036,11/20/2014,3044,104.44,37.66,317915.36,114637.04,203278.32
Australia and Oceania,Federated States of Micronesia,Office Supplies,Online,C,8/1/2016,532871015,8/12/2016,9321,679.34,523.04,6332128.14,4875255.84,1456872.3
North America,Mexico,Snacks,Offline,C,6/1/2013,113404802,6/7/2013,9581,155.3,95.74,1487929.3,917284.94,570644.36
Asia,India,Personal Care,Offline,M,11/25/2013,621289265,12/14/2013,6963,78.82,54.06,548823.66,376419.78,172403.88
Australia and Oceania,East Timor,Beverages,Offline,M,12/17/2013,399560414,12/22/2013,4139,45.64,32.32,188903.96,133772.48,55131.48
Sub-Saharan Africa,Nigeria,Household,Online,M,1/27/2013,697561079,2/17/2013,1407,651.35,510.5,916449.45,718273.5,198175.95
Australia and Oceania,New Zealand,Clothes,Offline,C,4/18/2012,792986958,5/10/2012,225,106.9,34.38,24052.5,7735.5,16317.0
Sub-Saharan Africa,Cape Verde,Baby Food,Offline,L,7/16/2010,964037468,8/10/2010,3611,237.85,150.57,858876.35,543708.27,315168.08
Australia and Oceania,Tuvalu,Fruits,Offline,M,5/13/2011,880692703,6/8/2011,3648,9.21,6.94,33598.08,25317.12,8280.96
Sub-Saharan Africa,Zimbabwe,Beverages,Offline,L,2/18/2016,391795660,2/28/2016,925,45.78,31.15,42346.5,28813.75,13532.75
Asia,Cambodia,Household,Offline,L,7/3/2013,537054638,7/18/2013,6320,701.34,484.92,4432468.8,3064694.4,1367774.4
Europe,Russia,Cosmetics,Online,M,3/4/2012,876747641,4/1/2012,5542,439.03,250.98,2433104.26,1390931.16,1042173.1
Middle East and North Africa,Qatar,Beverages,Offline,H,7/19/2011,578092670,7/22/2011,9829,44.92,31.97,441518.68,314233.13,127285.55
Europe,Norway,Baby Food,Online,M,8/5/2017,540915733,8/20/2017,9562,253.17,152.57,2420811.54,1458874.34,961937.2
North America,United States,Vegetables,Online,M,10/14/2017,663460473,10/26/2017,6573,160.51,91.36,1055032.23,600509.28,454522.95
North America,Mexico,Personal Care,Online,M,2/14/2010,954409912,3/3/2010,8056,85.2,56.56,686371.2,455647.36,230723.84
Middle East and North Africa,Yemen,Fruits,Offline,C,8/24/2010,958886413,9/15/2010,4800,8.98,7.36,43104.0,35328.0,7776.0
Australia and Oceania,Solomon Islands,Baby Food,Online,H,3/9/2013,347625971,3/18/2013,775,263.63,161.07,204313.25,124829.25,79484.0
Middle East and North Africa,Pakistan,Cosmetics,Online,H,7/31/2013,239182246,8/4/2013,5634,440.13,251.54,2479692.42,1417176.36,1062516.06
Asia,Vietnam,Cereal,Offline,C,6/15/2011,940834121,6/28/2011,1758,219.8,121.7,386408.4,213948.6,172459.8
North America,Mexico,Household,Offline,M,3/24/2012,255750552,4/4/2012,9990,670.45,473.46,6697795.5,4729865.4,1967930.1
Asia,India,Fruits,Offline,C,9/8/2015,278472118,10/1/2015,393,9.64,6.78,3788.52,2664.54,1123.98
North America,United States,Meat,Online,H,4/18/2015,888475583,5/3/2015,8912,415.57,379.99,3703559.84,3386470.88,317088.96
Europe,Monaco,Personal Care,Offline,C,7/7/2016,639646504,7/11/2016,6369,83.36,59.74,530919.84,380484.06,150435.78
Australia and Oceania,New Zealand,Meat,Offline,H,7/31/2014,970859441,8/21/2014,2854,427.32,366.13,1219571.28,1044935.02,174636.26
Central America and the Caribbean,Dominican Republic,Cereal,Online,C,9/27/2010,291047521,10/25/2010,954,202.9,124.24,193566.6,118524.96,75041.64
North America,Mexico,Fruits,Online,H,7/3/2013,745535257,7/29/2013,941,9.06,6.93,8525.46,6521.13,2004.33
North America,United States,Office Supplies,Offline,L,3/31/2015,647245983,4/16/2015,2146,640.29,549.88,1374062.34,1180042.48,194019.86
Central America and the Caribbean,Dominican Republic,Personal Care,Online,C,9/4/2011,267549289,9/20/2011,6634,82.96,56.45,550356.64,374489.3,175867.34
Australia and Oceania,Australia,Beverages,Online,L,12/7/2010,642737121,12/28/2010,7300,50.22,31.4,366606.0,229220.0,137386.0
Australia and Oceania,Papua New Guinea,Personal Care,Online,L,7/22/2016,237280636,8/4/2016,8785,78.66,53.87,691028.1,473247.95,217780.15
North America,United States,Personal Care,Offline,H,5/2/2012,137984195,5/12/2012,6371,87.09,54.23,554850.39,345499.33,209351.06
Sub-Saharan Africa,Cape Verde,Baby Food,Online,L,6/2/2016,876610472,6/21/2016,7232,239.08,160.6,1729026.56,1161459.2,567567.36
Sub-Saharan Africa,Liberia,Clothes,Online,H,3/7/2016,782332518,3/11/2016,2587,116.46,34.73,301282.02,89846.51,211435.51
Europe,Monaco,Vegetables,Online,H,5/30/2013,545541016,6/8/2013,6759,153.16,93.79,1035208.44,633926.61,401281.83
Middle East and North Africa,Syria,Household,Online,H,11/22/2012,128521397,12/6/2012,7294,655.07,497.63,4778080.58,3629713.22,1148367.36
Australia and Oceania,East Timor,Clothes,Offline,C,11/12/2016,407001767,12/2/2016,7155,107.45,33.6,768804.75,240408.0,528396.75
Sub-Saharan Africa,Rwanda,Vegetables,Offline,H,9/26/2017,171733484,10/11/2017,3191,151.11,92.62,482192.01,295550.42,186641.59
North America,Mexico,Meat,Online,M,12/1/2014,319045629,12/19/2014,5042,400.03,349.93,2016951.26,1764347.06,252604.2
North America,Mexico,Cereal,Offline,M,4/19/2013,846764474,5/11/2013,6786,206.36,109.53,1400358.96,743270.58,657088.38
Sub-Saharan Africa,Burkina Faso,Snacks,Offline,L,3/19/2015,350810571,3/29/2015,2141,159.11,93.36,340654.51,199883.76,140770.75
Middle East and North Africa,Syria,Snacks,Offline,H,4/9/2014,283920046,4/19/2014,9756,154.17,98.92,1504082.52,965063.52,539019.0
North America,United States,Beverages,Online,C,5/16/2014,553732339,6/10/2014,7230,49.6,30.43,358608.0,220008.9,138599.1
Australia and Oceania,New Zealand,Office Supplies,Online,C,3/3/2017,877874647,3/15/2017,7199,606.39,548.05,4365401.61,3945411.95,419989.66
North America,Canada,Fruits,Online,C,7/23/2017,776101123,8/8/2017,3304,9.55,6.53,31553.2,21575.12,9978.08
Sub-Saharan Africa,Guinea,Vegetables,Online,M,4/15/2016,615377504,5/1/2016,8855,145.17,96.38,1285480.35,853444.9,432035.45
Asia,China,Beverages,Offline,C,4/13/2014,788627122,5/4/2014,4114,45.15,33.39,185747.1,137366.46,48380.64
Central America and the Caribbean,Grenada,Fruits,Online,M,2/15/2016,373928218,3/2/2016,7687,9.49,6.84,72949.63,52579.08,20370.55
Asia,Laos,Clothes,Online,L,3/2/2015,846416562,3/9/2015,9242,113.24,34.34,1046564.08,317370.28,729193.8
Australia and Oceania,Solomon Islands,Baby Food,Offline,C,6/13/2015,616815601,7/13/2015,5773,243.11,150.0,1403474.03,865950.0,537524.03
Australia and Oceania,Australia,Vegetables,Offline,M,2/3/2016,620470336,2/13/2016,3275,143.78,91.86,470879.5,300841.5,170038.0
Middle East and North Africa,Tunisia,Personal Care,Offline,H,8/28/2010,230506996,9/26/2010,1459,80.33,60.56,117201.47,88357.04,28844.43
Europe,Greece,Vegetables,Offline,H,3/8/2010,742417321,3/26/2010,9721,159.92,89.33,1554582.32,868376.93,686205.39
Asia,Turkmenistan,Cosmetics,Online,M,5/27/2015,414316499,6/22/2015,2909,463.86,263.34,1349368.74,766056.06,583312.68
Australia and Oceania,Papua New Guinea,Vegetables,Online,L,11/27/2016,256607426,12/12/2016,4253,147.52,92.1,627402.56,391701.3,235701.26
Asia,Kazakhstan,Beverages,Offline,M,3/29/2015,825550435,4/5/2015,3272,45.0,32.16,147240.0,105227.52,42012.48
Europe,San Marino,Personal Care,Offline,M,11/18/2014,786157647,12/3/2014,8892,76.37,53.61,679082.04,476700.12,202381.92
Sub-Saharan Africa,Madagascar,Cereal,Offline,L,6/16/2016,358993782,6/23/2016,7552,218.22,112.2,1647997.44,847334.4,800663.04
Europe,Slovakia,Meat,Online,L,3/9/2014,837600821,3/19/2014,504,409.25,357.49,206262.0,180174.96,26087.04
Asia,Myanmar,Cosmetics,Offline,H,5/5/2011,547448989,5/27/2011,8807,406.66,249.24,3581454.62,2195056.68,1386397.94
Europe,Poland,Fruits,Offline,L,3/23/2016,730421242,4/15/2016,5828,8.95,7.23,52160.6,42136.44,10024.16
Middle East and North Africa,Azerbaijan,Cosmetics,Online,H,10/28/2017,330256124,11/6/2017,7624,430.93,278.07,3285410.32,2120005.68,1165404.64
Sub-Saharan Africa,Comoros,Cosmetics,Online,H,10/24/2010,254321733,10/28/2010,5856,464.28,267.4,2718823.68,1565894.4,1152929.28
Europe,Spain,Fruits,Offline,H,3/27/2011,166086910,4/8/2011,3983,9.34,7.2,37201.22,28677.6,8523.62
Europe,United Kingdom,Cosmetics,Offline,L,12/14/2017,552102235,12/21/2017,9454,428.75,254.48,4053402.5,2405853.92,1647548.58
Sub-Saharan Africa,Cameroon,Vegetables,Online,H,4/17/2012,159283431,5/8/2012,1980,145.51,91.73,288109.8,181625.4,106484.4
Asia,Philippines,Fruits,Offline,C,9/7/2010,721023442,9/20/2010,9906,9.54,7.05,94503.24,69837.3,24665.94
Central America and the Caribbean,Trinidad and Tobago,Cosmetics,Online,C,1/30/2015,525339543,2/15/2015,3617,461.39,252.98,1668847.63,915028.66,753818.97
Central America and the Caribbean,Trinidad and Tobago,Baby Food,Online,L,9/21/2012,215801396,10/1/2012,6730,271.14,158.92,1824772.2,1069531.6,755240.6
Central America and the Caribbean,Belize,Baby Food,Offline,C,5/15/2014,301464980,6/5/2014,8491,271.3,166.51,2303608.3,1413836.41,889771.89
Middle East and North Africa,Algeria,Fruits,Online,L,9/7/2017,263518032,10/6/2017,9313,9.36,7.08,87169.68,65936.04,21233.64
Europe,Denmark,Fruits,Offline,L,6/19/2013,763222018,7/5/2013,6663,8.95,7.08,59633.85,47174.04,12459.81
Central America and the Caribbean,Haiti,Fruits,Online,M,4/11/2015,362321392,4/29/2015,2143,9.51,7.0,20379.93,15001.0,5378.93
Central America and the Caribbean,Panama,Cereal,Offline,H,12/7/2010,423351119,12/26/2010,9428,204.02,123.69,1923500.56,1166149.32,757351.24
Europe,Malta,Baby Food,Offline,H,7/20/2012,718302087,8/12/2012,4062,254.89,154.08,1035363.18,625872.96,409490.22
North America,Mexico,Personal Care,Offline,H,8/26/2013,202740555,9/2/2013,7337,80.95,53.16,593930.15,390034.92,203895.23
Central America and the Caribbean,Mexico,Fruits,Online,C,4/17/2014,615099009,5/13/2014,3866,8.74,6.62,33788.84,25592.92,8195.92
Australia and Oceania,Fiji,Cereal,Online,H,11/7/2017,552240495,12/7/2017,3114,201.59,115.16,627751.26,358608.24,269143.02
Asia,Sri Lanka,Meat,Offline,L,10/11/2011,302933065,11/9/2011,6014,396.72,379.71,2385874.08,2283575.94,102298.14
Sub-Saharan Africa,Senegal,Office Supplies,Offline,H,1/31/2017,110775835,2/13/2017,6158,635.87,526.66,3915687.46,3243172.28,672515.18
Central America and the Caribbean,Belize,Snacks,Offline,H,4/11/2012,113290328,4/14/2012,9613,145.48,103.54,1398499.24,995330.02,403169.22
Europe,Poland,Cereal,Offline,C,9/17/2012,163082397,10/11/2012,7302,205.94,122.81,1503773.88,896758.62,607015.26
Central America and the Caribbean,Nicaragua,Vegetables,Online,M,5/21/2017,515883332,6/10/2017,8747,145.67,86.29,1274175.49,754778.63,519396.86
Europe,Bulgaria,Personal Care,Online,C,8/28/2014,803379810,9/11/2014,3167,79.73,56.21,252504.91,178017.07,74487.84
Central America and the Caribbean,Dominican Republic,Snacks,Online,L,6/15/2012,871051132,7/9/2012,1275,160.7,93.04,204892.5,118626.0,86266.5
Asia,Vietnam,Cereal,Offline,L,11/12/2010,890701045,11/20/2010,5958,198.33,117.32,1181650.14,698992.56,482657.58
North America,Mexico,Snacks,Online,H,2/24/2012,129380099,3/6/2012,1570,150.81,99.45,236771.7,156136.5,80635.2
Europe,Iceland,Clothes,Online,L,6/28/2014,670069104,7/18/2014,9120,101.88,34.04,929145.6,310444.8,618700.8
Europe,Portugal,Clothes,Offline,M,1/7/2014,349653201,2/3/2014,9652,101.86,36.73,983152.72,354517.96,628634.76
Europe,Ukraine,Snacks,Online,C,1/9/2017,845412241,2/1/2017,7410,162.45,101.84,1203754.5,754634.4,449120.1
Australia and Oceania,Papua New Guinea,Household,Online,H,12/22/2015,978505304,12/25/2015,7371,629.76,481.48,4641960.96,3548989.08,1092971.88
Europe,Croatia,Meat,Online,M,1/24/2016,990368988,2/7/2016,4455,393.03,356.07,1750948.65,1586291.85,164656.8
North America,Mexico,Cereal,Offline,H,3/24/2013,646380213,3/27/2013,616,200.27,116.13,123366.32,71536.08,51830.24
Sub-Saharan Africa,Democratic Republic of the Congo,Meat,Offline,L,12/2/2012,774178847,12/26/2012,7243,413.32,344.73,2993676.76,2496879.39,496797.37
Asia,Thailand,Cosmetics,Online,L,5/14/2017,614782623,6/9/2017,7102,467.26,254.67,3318480.52,1808666.34,1509814.18
Australia and Oceania,East Timor,Cereal,Offline,H,3/29/2010,728125733,4/8/2010,2258,194.81,123.31,439880.98,278433.98,161447.0
Sub-Saharan Africa,Angola,Clothes,Online,H,10/11/2014,831796770,10/25/2014,4363,112.51,34.15,490881.13,148996.45,341884.68
Middle East and North Africa,Libya,Baby Food,Offline,H,3/4/2017,222068039,3/10/2017,3498,239.01,151.57,836056.98,530191.86,305865.12
Asia,Vietnam,Snacks,Offline,L,8/12/2010,982539461,8/25/2010,8087,154.95,98.06,1253080.65,793011.22,460069.43
Europe,Latvia,Household,Offline,L,5/31/2012,311120669,6/12/2012,6089,645.41,516.47,3929901.49,3144785.83,785115.66
Sub-Saharan Africa,Burkina Faso,Cereal,Offline,H,2/15/2013,631558956,3/9/2013,3576,209.3,114.77,748456.8,410417.52,338039.28
Middle East and North Africa,Azerbaijan,Household,Online,L,6/18/2014,691852803,7/12/2014,9336,692.1,497.19,6461445.6,4641765.84,1819679.76
Sub-Saharan Africa,The Gambia,Fruits,Offline,C,12/29/2016,391118890,1/18/2017,2278,9.94,6.49,22643.32,14784.22,7859.1
Europe,Denmark,Fruits,Online,L,10/31/2013,261586388,11/23/2013,8427,9.7,6.62,81741.9,55786.74,25955.16
Europe,Norway,Snacks,Online,M,4/10/2011,982479930,4/18/2011,826,158.25,100.31,130714.5,82856.06,47858.44
North America,Mexico,Meat,Offline,H,11/6/2012,278958653,11/12/2012,8716,397.18,377.81,3461820.88,3292991.96,168828.92
Middle East and North Africa,Pakistan,Baby Food,Online,C,12/17/2014,431013529,1/13/2015,3500,265.98,152.11,930930.0,532385.0,398545.0
Sub-Saharan Africa,Ethiopia,Household,Online,L,3/12/2017,116113520,4/10/2017,2802,705.7,483.66,1977371.4,1355215.32,622156.08
North America,United States,Cereal,Online,C,12/24/2013,776155406,1/16/2014,9639,204.88,120.43,1974838.32,1160824.77,814013.55
Middle East and North Africa,Algeria,Vegetables,Online,L,4/19/2011,828293511,4/27/2011,6247,148.05,89.03,924868.35,556170.41,368697.94
Asia,Philippines,Baby Food,Offline,H,2/7/2014,398953133,2/21/2014,2947,250.48,155.94,738164.56,459555.18,278609.38
Europe,Netherlands,Cosmetics,Offline,H,7/21/2014,528340010,8/18/2014,8566,442.41,268.76,3789684.06,2302198.16,1487485.9
Central America and the Caribbean,Costa Rica,Cosmetics,Offline,M,11/24/2013,887785123,12/17/2013,386,441.32,274.02,170349.52,105771.72,64577.8
North America,Canada,Cereal,Offline,C,10/17/2017,909927651,11/7/2017,4481,201.96,118.09,904982.76,529161.29,375821.47
Europe,Moldova,Baby Food,Online,C,7/25/2017,103563076,7/29/2017,1642,264.91,151.57,434982.22,248877.94,186104.28
Asia,Myanmar,Beverages,Online,C,4/30/2017,825595578,5/30/2017,3616,47.26,30.78,170892.16,111300.48,59591.68
Sub-Saharan Africa,Angola,Clothes,Offline,L,1/15/2017,376146569,1/30/2017,9972,106.22,37.35,1059225.84,372454.2,686771.64
Europe,United Kingdom,Personal Care,Offline,M,7/21/2012,216138591,7/25/2012,2107,79.06,56.59,166579.42,119235.13,47344.29
Europe,Netherlands,Meat,Online,M,3/23/2016,889088526,3/27/2016,3576,406.03,366.27,1451963.28,1309781.52,142181.76
Sub-Saharan Africa,Democratic Republic of the Congo,Snacks,Online,M,1/2/2015,455903986,1/24/2015,4357,158.79,92.73,691848.03,404024.61,287823.42
Middle East and North Africa,Israel,Personal Care,Offline,L,5/28/2017,745311055,6/10/2017,7232,81.22,58.59,587383.04,423722.88,163660.16
Central America and the Caribbean,Costa Rica,Snacks,Offline,L,9/7/2017,756860565,10/4/2017,3286,158.22,103.13,519910.92,338885.18,181025.74
Asia,Philippines,Office Supplies,Online,H,4/29/2013,251346389,5/14/2013,5005,638.11,494.72,3193740.55,2476073.6,717666.95
Sub-Saharan Africa,South Sudan,Personal Care,Offline,H,8/20/2013,721290063,9/6/2013,3520,80.82,52.98,284486.4,186489.6,97996.8
Europe,Italy,Personal Care,Online,C,10/13/2010,219263349,11/7/2010,2798,77.22,59.45,216061.56,166341.1,49720.46
Europe,United Kingdom,Snacks,Online,M,9/6/2017,998726922,9/20/2017,299,152.25,91.45,45522.75,27343.55,18179.2
Sub-Saharan Africa,Republic of the Congo,Clothes,Offline,M,3/26/2013,406972888,4/15/2013,3098,104.35,36.28,323276.3,112395.44,210880.86
Australia and Oceania,East Timor,Baby Food,Online,M,2/28/2013,396225823,3/18/2013,5782,257.32,159.2,1487824.24,920494.4,567329.84
North America,United States,Clothes,Online,H,8/16/2014,542650795,9/13/2014,3459,103.54,37.94,358144.86,131234.46,226910.4
North America,Mexico,Household,Online,L,6/20/2016,475953511,7/14/2016,569,687.98,536.6,391460.62,305325.4,86135.22
Central America and the Caribbean,Jamaica,Vegetables,Online,C,7/19/2014,382002977,7/22/2014,4730,162.06,97.04,766543.8,458999.2,307544.6
Asia,Pakistan,Cereal,Offline,C,11/13/2012,367204413,11/20/2012,8497,200.48,118.69,1703478.56,1008508.93,694969.63
Central America and the Caribbean,Panama,Clothes,Online,H,11/7/2011,280584933,12/7/2011,7592,116.43,36.7,883936.56,278626.4,605310.16
Europe,Romania,Vegetables,Online,H,4/8/2017,889316346,4/18/2017,2104,155.81,87.28,327824.24,183637.12,144187.12
Australia and Oceania,Kiribati,Meat,Offline,L,11/12/2017,733716445,11/28/2017,8268,443.43,382.43,3666279.24,3161931.24,504348.0
North America,United States,Fruits,Offline,L,4/30/2011,139899657,5/20/2011,7736,9.67,7.28,74807.12,56318.08,18489.04
Australia and Oceania,Solomon Islands,Beverages,Online,L,1/31/2015,934459366,2/25/2015,8941,45.13,32.89,403507.33,294069.49,109437.84
Europe,Netherlands,Household,Online,C,5/20/2014,548264660,6/4/2014,6543,703.29,514.85,4601626.47,3368663.55,1232962.92
Middle East and North Africa,Yemen,Cosmetics,Offline,M,7/21/2016,330265461,8/19/2016,640,448.93,275.03,287315.2,176019.2,111296.0
Australia and Oceania,Australia,Snacks,Offline,M,3/30/2017,123372374,4/14/2017,3248,147.63,96.33,479502.24,312879.84,166622.4
Australia and Oceania,Samoa,Meat,Online,C,1/19/2011,960947567,1/23/2011,7977,394.14,350.75,3144054.78,2797932.75,346122.03
Middle East and North Africa,Algeria,Snacks,Online,H,9/2/2017,565479401,9/16/2017,6744,145.27,99.54,979700.88,671297.76,308403.12
Middle East and North Africa,Jordan,Vegetables,Offline,H,10/12/2012,481773364,10/24/2012,1777,147.81,96.16,262658.37,170876.32,91782.05
Central America and the Caribbean,Trinidad and Tobago,Cereal,Offline,C,3/23/2015,751757681,4/14/2015,8947,209.71,119.21,1876275.37,1066571.87,809703.5
North America,Canada,Household,Online,M,5/16/2011,420415075,5/20/2011,3949,680.27,486.2,2686386.23,1920003.8,766382.43
Europe,Slovakia,Vegetables,Online,L,8/22/2014,540792416,8/30/2014,3424,146.25,86.68,500760.0,296792.32,203967.68
Central America and the Caribbean,Honduras,Meat,Online,M,2/3/2012,883403405,2/20/2012,7498,451.06,381.64,3382047.88,2861536.72,520511.16
Australia and Oceania,New Zealand,Clothes,Online,H,9/1/2017,824315034,9/28/2017,7840,108.76,37.85,852678.4,296744.0,555934.4
Australia and Oceania,Vanuatu,Baby Food,Offline,L,4/15/2012,948116867,5/15/2012,5244,246.15,160.54,1290810.6,841871.76,448938.84
Europe,Italy,Cereal,Online,C,2/11/2016,386511847,3/3/2016,9202,218.53,115.22,2010913.06,1060254.44,950658.62
Europe,Latvia,Office Supplies,Online,L,3/17/2014,455409386,3/22/2014,6552,657.4,496.32,4307284.8,3251888.64,1055396.16
Australia and Oceania,Fiji,Snacks,Online,M,12/16/2014,311461147,12/28/2014,3026,148.57,101.41,449572.82,306866.66,142706.16
Sub-Saharan Africa,Niger,Meat,Offline,M,6/7/2015,149605794,6/22/2015,2971,437.6,351.43,1300109.6,1044098.53,256011.07
Central America and the Caribbean,Mexico,Snacks,Offline,C,10/11/2012,365806005,10/19/2012,7358,143.9,90.84,1058816.2,668400.72,390415.48
Middle East and North Africa,Iran,Vegetables,Offline,L,9/12/2012,330929089,10/5/2012,7872,155.33,92.91,1222757.76,731387.52,491370.24
Central America and the Caribbean,Panama,Fruits,Offline,L,9/11/2015,156009493,10/10/2015,6961,8.9,6.56,61952.9,45664.16,16288.74
Australia and Oceania,East Timor,Meat,Online,C,4/18/2010,995681863,5/16/2010,9554,405.33,352.6,3872522.82,3368740.4,503782.42
Middle East and North Africa,Pakistan,Vegetables,Offline,H,10/22/2010,201760109,10/29/2010,9911,157.83,89.28,1564253.13,884854.08,679399.05
Sub-Saharan Africa,Zambia,Meat,Online,C,6/13/2014,455770220,6/24/2014,8591,402.67,379.66,3459337.97,3261659.06,197678.91
Central America and the Caribbean,Trinidad and Tobago,Baby Food,Online,H,12/3/2010,541489524,12/27/2010,9317,268.76,150.37,2504036.92,1400997.29,1103039.63
Asia,Philippines,Cosmetics,Offline,C,4/13/2014,514410716,4/17/2014,748,426.69,248.87,319164.12,186154.76,133009.36
Central America and the Caribbean,Haiti,Household,Online,M,12/22/2014,297031494,1/9/2015,7462,632.2,480.3,4717476.4,3583998.6,1133477.8
Central America and the Caribbean,Belize,Clothes,Online,L,4/9/2012,350601263,5/7/2012,1024,110.29,34.85,112936.96,35686.4,77250.56
Australia and Oceania,Vanuatu,Household,Offline,C,1/3/2011,667868672,1/16/2011,5794,682.99,499.98,3957244.06,2896884.12,1060359.94
Europe,Czech Republic,Household,Offline,L,6/19/2017,945873719,7/9/2017,9554,641.25,492.03,6126502.5,4700854.62,1425647.88
Europe,France,Household,Offline,C,12/21/2012,127180609,1/9/2013,3049,659.3,535.45,2010205.7,1632587.05,377618.65
Sub-Saharan Africa,Mozambique,Snacks,Offline,C,11/6/2016,104202606,11/25/2016,8346,147.01,91.47,1226945.46,763408.62,463536.84
Central America and the Caribbean,Haiti,Meat,Offline,H,7/5/2014,949148709,7/10/2014,5873,450.09,362.69,2643378.57,2130078.37,513300.2
Sub-Saharan Africa,Mali,Personal Care,Online,C,8/22/2017,879396283,9/7/2017,2736,79.36,58.19,217128.96,159207.84,57921.12
Asia,Laos,Cosmetics,Online,L,4/7/2012,989006175,4/14/2012,3245,436.92,277.27,1417805.4,899741.15,518064.25
North America,United States,Fruits,Online,C,12/21/2017,254681023,1/11/2018,3360,8.88,6.94,29836.8,23318.4,6518.4
North America,United States,Cosmetics,Online,H,9/2/2011,626043586,9/30/2011,8155,459.92,277.54,3750647.6,2263338.7,1487308.9
Sub-Saharan Africa,Mali,Office Supplies,Online,L,10/4/2014,137583704,10/19/2014,8302,607.82,538.15,5046121.64,4467721.3,578400.34
North America,Canada,Clothes,Online,L,4/20/2016,290058413,4/26/2016,4066,111.63,34.01,453887.58,138284.66,315602.92
Sub-Saharan Africa,Uganda,Office Supplies,Offline,L,10/12/2014,291540853,10/16/2014,1405,663.31,520.88,931950.55,731836.4,200114.15
Europe,United Kingdom,Office Supplies,Offline,C,6/26/2013,115765365,7/16/2013,6977,674.36,492.43,4705009.72,3435684.11,1269325.61
North America,Mexico,Beverages,Offline,C,2/25/2010,394187043,3/24/2010,2468,48.02,30.31,118513.36,74805.08,43708.28
Central America and the Caribbean,Guatemala,Beverages,Offline,C,4/29/2012,709986750,5/16/2012,2711,50.38,29.83,136580.18,80869.13,55711.05
Central America and the Caribbean,Mexico,Beverages,Online,H,3/4/2015,363380478,3/28/2015,4465,45.65,32.47,203827.25,144978.55,58848.7
Middle East and North Africa,Saudi Arabia,Household,Offline,M,2/13/2014,617096116,3/2/2014,8671,639.54,495.02,5545451.34,4292318.42,1253132.92
Australia and Oceania,Fiji,Personal Care,Online,L,3/26/2013,211551975,4/6/2013,1018,85.97,59.05,87517.46,60112.9,27404.56
Sub-Saharan Africa,Zimbabwe,Cosmetics,Offline,L,2/25/2013,263342285,3/22/2013,3491,434.89,280.05,1518200.99,977654.55,540546.44
Europe,Croatia,Office Supplies,Online,M,12/12/2010,886011371,1/5/2011,1908,661.6,545.24,1262332.8,1040317.92,222014.88
Central America and the Caribbean,Costa Rica,Meat,Offline,L,4/22/2017,423031008,5/10/2017,1739,440.65,347.87,766290.35,604945.93,161344.42
Australia and Oceania,Fiji,Office Supplies,Offline,L,6/30/2016,333237821,7/18/2016,5151,634.52,515.78,3268412.52,2656782.78,611629.74
Australia and Oceania,Federated States of Micronesia,Cosmetics,Offline,L,8/21/2016,431164042,9/17/2016,9295,416.59,281.31,3872204.05,2614776.45,1257427.6
Asia,South Korea,Meat,Online,H,9/23/2015,582757807,10/23/2015,3079,396.89,378.78,1222024.31,1166263.62,55760.69
Sub-Saharan Africa,Tanzania,Cereal,Online,L,2/22/2015,243285526,3/9/2015,488,204.78,116.09,99932.64,56651.92,43280.72
Asia,Pakistan,Cereal,Offline,C,3/27/2013,606723846,4/20/2013,2231,200.9,121.92,448207.9,272003.52,176204.38
Europe,Denmark,Cereal,Online,H,10/14/2014,996387525,11/4/2014,2301,212.95,123.22,489997.95,283529.22,206468.73
Central America and the Caribbean,Dominican Republic,Baby Food,Offline,L,4/25/2014,528667673,5/4/2014,8881,261.02,163.63,2318118.62,1453198.03,864920.59
Central America and the Caribbean,Cuba,Personal Care,Online,L,5/30/2013,521613081,6/23/2013,5560,84.91,59.3,472099.6,329708.0,142391.6
Australia and Oceania,Fiji,Clothes,Online,M,6/25/2016,987014169,7/21/2016,3752,115.76,35.99,434331.52,135034.48,299297.04
Sub-Saharan Africa,Kenya,Snacks,Offline,C,7/16/2013,813673373,8/8/2013,6509,150.22,94.53,977781.98,615295.77,362486.21
Asia,Laos,Cereal,Offline,M,3/7/2011,829937023,4/1/2011,6994,197.91,117.85,1384182.54,824242.9,559939.64
Sub-Saharan Africa,South Africa,Baby Food,Offline,C,1/6/2017,742002583,1/25/2017,2827,261.71,168.68,739854.17,476858.36,262995.81
Middle East and North Africa,Libya,Personal Care,Online,H,3/9/2012,766026351,3/17/2012,6550,85.67,59.27,561138.5,388218.5,172920.0
Sub-Saharan Africa,Benin,Cosmetics,Online,H,10/23/2017,175220716,11/1/2017,1547,464.96,256.08,719293.12,396155.76,323137.36
Middle East and North Africa,Iran,Office Supplies,Online,L,5/12/2016,847456945,5/27/2016,6047,658.05,531.6,3979228.35,3214585.2,764643.15
Europe,Germany,Beverages,Offline,C,5/19/2014,711886639,5/23/2014,5739,46.32,32.22,265830.48,184910.58,80919.9
North America,Mexico,Vegetables,Offline,H,11/19/2011,296453294,12/18/2011,7723,158.56,84.63,1224558.88,653597.49,570961.39
Australia and Oceania,Solomon Islands,Vegetables,Offline,H,3/30/2015,808616760,4/22/2015,3233,161.89,90.71,523390.37,293265.43,230124.94
Sub-Saharan Africa,Madagascar,Vegetables,Online,M,6/3/2014,177958917,6/25/2014,6414,161.52,91.24,1035989.28,585213.36,450775.92
North America,Mexico,Personal Care,Online,M,5/2/2013,492444154,5/28/2013,3596,78.3,56.26,281566.8,202310.96,79255.84
Middle East and North Africa,Oman,Personal Care,Online,L,3/24/2012,445116682,4/9/2012,996,81.49,57.15,81164.04,56921.4,24242.64
Sub-Saharan Africa,Sao Tome and Principe,Vegetables,Online,M,6/30/2014,345803337,7/21/2014,5509,158.41,94.54,872680.69,520820.86,351859.83
Central America and the Caribbean,Haiti,Beverages,Online,M,4/2/2013,389346121,4/30/2013,6601,46.49,32.85,306880.49,216842.85,90037.64
Asia,Myanmar,Office Supplies,Online,M,11/9/2016,252274860,11/28/2016,5259,639.01,535.75,3360553.59,2817509.25,543044.34
Europe,Sweden,Cereal,Online,C,4/14/2017,409495758,4/27/2017,5683,219.56,123.95,1247759.48,704407.85,543351.63
Asia,Sri Lanka,Clothes,Online,H,7/8/2015,930687357,7/31/2015,1091,105.27,36.06,114849.57,39341.46,75508.11
Central America and the Caribbean,Nicaragua,Cereal,Offline,H,9/26/2012,950990067,9/29/2012,3545,202.32,115.89,717224.4,410830.05,306394.35
Europe,Switzerland,Cosmetics,Offline,C,3/20/2010,983655280,4/5/2010,5329,462.96,280.84,2467113.84,1496596.36,970517.48
Asia,Thailand,Clothes,Offline,C,3/16/2017,799137743,3/21/2017,7884,116.88,35.36,921481.92,278778.24,642703.68
Europe,Portugal,Fruits,Offline,M,12/9/2012,869980206,12/14/2012,2484,8.97,7.28,22281.48,18083.52,4197.96
Central America and the Caribbean,Panama,Fruits,Offline,M,12/21/2015,958559819,1/18/2016,6080,9.83,6.87,59766.4,41769.6,17996.8
Australia and Oceania,Kiribati,Beverages,Online,M,3/25/2011,990234087,4/8/2011,3508,48.16,31.16,168945.28,109309.28,59636.0
Middle East and North Africa,Yemen,Personal Care,Offline,H,6/9/2011,217577905,6/30/2011,9213,76.78,54.88,707374.14,505609.44,201764.7
Australia and Oceania,Kiribati,Cereal,Offline,M,7/24/2013,802251921,8/4/2013,6421,209.5,117.67,1345199.5,755559.07,589640.43
Middle East and North Africa,Egypt,Beverages,Offline,M,6/27/2017,722429683,7/14/2017,929,47.63,31.8,44248.27,29542.2,14706.07
North America,United States,Beverages,Online,L,9/17/2014,814329866,9/20/2014,1327,45.61,31.95,60524.47,42397.65,18126.82
Middle East and North Africa,Tunisia,Beverages,Offline,M,10/15/2016,389132489,11/1/2016,4769,46.27,30.89,220661.63,147314.41,73347.22
North America,United States,Personal Care,Online,H,8/2/2010,424820973,8/17/2010,3322,78.96,54.63,262305.12,181480.86,80824.26
Central America and the Caribbean,Jamaica,Personal Care,Offline,M,7/17/2015,223250044,7/22/2015,5992,85.6,57.19,512915.2,342682.48,170232.72
Sub-Saharan Africa,Comoros,Snacks,Online,L,2/11/2011,493476619,3/7/2011,1244,142.99,99.56,177879.56,123852.64,54026.92
Middle East and North Africa,Iran,Cereal,Offline,H,7/19/2016,712344725,7/31/2016,3394,217.55,113.92,738364.7,386644.48,351720.22
Middle East and North Africa,Israel,Clothes,Offline,M,8/9/2017,795950667,8/30/2017,199,107.84,33.67,21460.16,6700.33,14759.83
Europe,Monaco,Snacks,Online,L,4/18/2015,934409313,4/21/2015,9596,142.19,91.84,1364455.24,881296.64,483158.6
Middle East and North Africa,Lebanon,Snacks,Offline,H,11/15/2014,231186828,11/30/2014,510,148.85,102.5,75913.5,52275.0,23638.5
Middle East and North Africa,Bahrain,Meat,Online,C,1/5/2014,617625121,1/10/2014,8110,404.93,341.07,3283982.3,2766077.7,517904.6
Asia,Turkmenistan,Snacks,Online,L,6/24/2010,124416176,7/9/2010,7330,151.45,99.4,1110128.5,728602.0,381526.5
North America,Mexico,Office Supplies,Offline,C,11/23/2017,370254675,12/2/2017,7688,636.61,552.45,4894257.68,4247235.6,647022.08
Central America and the Caribbean,Haiti,Office Supplies,Offline,C,9/6/2016,318381576,9/30/2016,9806,642.3,559.8,6298393.8,5489398.8,808995.0
Middle East and North Africa,Saudi Arabia,Beverages,Online,L,2/18/2012,219622707,2/27/2012,7777,46.06,33.18,358208.62,258040.86,100167.76
Australia and Oceania,Kiribati,Beverages,Offline,L,1/28/2016,795485919,2/23/2016,2097,50.16,31.98,105185.52,67062.06,38123.46
Australia and Oceania,Australia,Meat,Online,H,9/13/2017,664769449,9/16/2017,903,433.59,362.97,391531.77,327761.91,63769.86
Europe,Spain,Cereal,Online,L,4/2/2016,274269840,4/23/2016,2120,207.49,114.12,439878.8,241934.4,197944.4
Asia,Vietnam,Baby Food,Online,H,12/15/2015,585981337,12/21/2015,5228,252.58,157.23,1320488.24,821998.44,498489.8
Australia and Oceania,Papua New Guinea,Vegetables,Offline,L,1/15/2014,439182504,1/25/2014,6883,154.9,88.97,1066176.7,612380.51,453796.19
Australia and Oceania,New Zealand,Household,Online,C,11/4/2014,973179327,11/17/2014,1977,710.47,492.8,1404599.19,974265.6,430333.59
Asia,Nepal,Office Supplies,Offline,C,7/21/2011,289086974,8/3/2011,8579,663.53,525.46,5692423.87,4507921.34,1184502.53
Australia and Oceania,Tuvalu,Personal Care,Offline,H,10/17/2012,557532568,11/16/2012,6109,76.96,54.81,470148.64,334834.29,135314.35
Europe,Hungary,Snacks,Offline,M,1/25/2014,914312322,2/21/2014,2870,155.22,91.37,445481.4,262231.9,183249.5
Australia and Oceania,Kiribati,Snacks,Offline,H,4/20/2015,541711779,5/3/2015,7306,143.78,98.93,1050456.68,722782.58,327674.1
Europe,Luxembourg,Office Supplies,Offline,C,8/2/2011,175058831,8/6/2011,6163,658.96,547.43,4061170.48,3373811.09,687359.39
Sub-Saharan Africa,Uganda,Meat,Offline,L,12/17/2012,573761544,12/26/2012,5575,436.74,357.66,2434825.5,1993954.5,440871.0
Central America and the Caribbean,Belize,Office Supplies,Online,C,3/7/2014,767623234,4/4/2014,1139,621.83,525.4,708264.37,598430.6,109833.77
Australia and Oceania,East Timor,Office Supplies,Offline,L,5/30/2012,643586487,6/26/2012,3957,608.51,550.64,2407874.07,2178882.48,228991.59
Australia and Oceania,Tuvalu,Personal Care,Offline,H,12/4/2011,144866771,1/3/2012,2288,77.0,58.45,176176.0,133733.6,42442.4
Europe,Italy,Household,Online,C,12/8/2014,404974491,12/28/2014,6307,662.13,495.84,4176053.91,3127262.88,1048791.03
Asia,Philippines,Vegetables,Online,L,10/4/2012,422398584,10/15/2012,6521,155.51,94.07,1014080.71,613430.47,400650.24
Asia,Kyrgyzstan,Fruits,Offline,M,5/22/2014,260159165,6/18/2014,4468,9.63,7.27,43026.84,32482.36,10544.48
Central America and the Caribbean,Guatemala,Household,Offline,H,11/2/2011,945660408,11/5/2011,3371,705.69,476.67,2378880.99,1606854.57,772026.42
Asia,Turkmenistan,Clothes,Offline,H,4/22/2010,316635463,4/28/2010,7692,107.93,34.74,830197.56,267220.08,562977.48
Central America and the Caribbean,Dominican Republic,Cosmetics,Offline,H,8/3/2010,939727234,8/18/2010,7507,407.37,248.32,3058126.59,1864138.24,1193988.35
Europe,Switzerland,Vegetables,Online,H,4/28/2016,667362009,5/26/2016,1132,157.78,94.68,178606.96,107177.76,71429.2
Europe,Sweden,Office Supplies,Online,H,12/13/2010,839623225,12/30/2010,6862,696.49,557.89,4779314.38,3828241.18,951073.2
North America,Canada,Snacks,Online,M,1/23/2010,563306654,2/6/2010,5847,145.78,95.93,852375.66,560902.71,291472.95
Australia and Oceania,New Zealand,Office Supplies,Offline,C,6/9/2013,290992138,7/2/2013,9894,645.75,492.73,6389050.5,4875070.62,1513979.88
